case_id,model,condition,total_motifs,discriminating_count,supporting_count,arguing_count,discriminating_ratio,supporting_ratio,expert_reasoning_index
NEJM_CPC_01_2026,openai/gpt-5.4,baseline,101,3,74,19,0.0297029702970297,0.7326732673267327,0.21782178217821782
NEJM_CPC_01_2026,openai/gpt-5.4,adversarial,73,2,36,15,0.0273972602739726,0.4931506849315068,0.2328767123287671
NEJM_CPC_01_2026,openai/gpt-5.4,structured,95,4,57,20,0.042105263157894736,0.6,0.25263157894736843
NEJM_CPC_01_2026,openai/gpt-5.2,baseline,53,1,35,14,0.018867924528301886,0.660377358490566,0.2830188679245283
NEJM_CPC_01_2026,openai/gpt-5.2,adversarial,71,3,48,3,0.04225352112676056,0.676056338028169,0.08450704225352113
NEJM_CPC_01_2026,anthropic/claude-sonnet-4.5,baseline,50,0,35,15,0.0,0.7,0.3
NEJM_CPC_01_2026,anthropic/claude-sonnet-4.5,adversarial,57,1,35,10,0.017543859649122806,0.6140350877192983,0.19298245614035087
NEJM_CPC_01_2026,anthropic/claude-sonnet-4.5,structured,59,2,35,6,0.03389830508474576,0.5932203389830508,0.13559322033898305
NEJM_CPC_01_2026,anthropic/claude-opus-4.5,baseline,52,2,38,7,0.038461538461538464,0.7307692307692307,0.17307692307692307
NEJM_CPC_01_2026,anthropic/claude-opus-4.5,adversarial,62,2,35,5,0.03225806451612903,0.5645161290322581,0.11290322580645161
NEJM_CPC_01_2026,anthropic/claude-opus-4.5,structured,61,1,41,9,0.01639344262295082,0.6721311475409836,0.16393442622950818
NEJM_CPC_01_2026,google/gemini-3-pro-preview,baseline,62,0,28,18,0.0,0.45161290322580644,0.2903225806451613
NEJM_CPC_01_2026,google/gemini-3-pro-preview,adversarial,46,0,29,10,0.0,0.6304347826086957,0.21739130434782608
NEJM_CPC_01_2026,google/gemini-3-pro-preview,structured,70,6,47,7,0.08571428571428572,0.6714285714285714,0.18571428571428572
NEJM_CPC_24_2025,openai/gpt-5.4,baseline,95,2,53,34,0.021052631578947368,0.5578947368421052,0.37894736842105264
NEJM_CPC_24_2025,openai/gpt-5.4,adversarial,60,1,30,16,0.016666666666666666,0.5,0.2833333333333333
NEJM_CPC_24_2025,openai/gpt-5.4,structured,61,1,32,11,0.01639344262295082,0.5245901639344263,0.19672131147540983
NEJM_CPC_24_2025,openai/gpt-5.2,baseline,41,2,26,10,0.04878048780487805,0.6341463414634146,0.2926829268292683
NEJM_CPC_24_2025,openai/gpt-5.2,adversarial,57,0,27,12,0.0,0.47368421052631576,0.21052631578947367
NEJM_CPC_24_2025,openai/gpt-5.2,structured,56,2,27,16,0.03571428571428571,0.48214285714285715,0.32142857142857145
NEJM_CPC_24_2025,anthropic/claude-sonnet-4.5,baseline,53,1,33,17,0.018867924528301886,0.6226415094339622,0.33962264150943394
NEJM_CPC_24_2025,anthropic/claude-sonnet-4.5,adversarial,53,2,24,14,0.03773584905660377,0.4528301886792453,0.3018867924528302
NEJM_CPC_24_2025,anthropic/claude-sonnet-4.5,structured,78,1,39,16,0.01282051282051282,0.5,0.21794871794871795
NEJM_CPC_24_2025,anthropic/claude-opus-4.5,baseline,54,1,45,7,0.018518518518518517,0.8333333333333334,0.14814814814814814
NEJM_CPC_24_2025,anthropic/claude-opus-4.5,adversarial,64,5,38,11,0.078125,0.59375,0.25
NEJM_CPC_24_2025,anthropic/claude-opus-4.5,structured,64,1,34,23,0.015625,0.53125,0.375
NEJM_CPC_24_2025,google/gemini-3-pro-preview,baseline,35,0,17,14,0.0,0.4857142857142857,0.4
NEJM_CPC_24_2025,google/gemini-3-pro-preview,adversarial,58,0,32,11,0.0,0.5517241379310345,0.1896551724137931
NEJM_CPC_24_2025,google/gemini-3-pro-preview,structured,47,3,27,14,0.06382978723404255,0.574468085106383,0.3617021276595745
NEJM_CPC_35_2025,openai/gpt-5.4,baseline,115,4,69,36,0.034782608695652174,0.6,0.34782608695652173
NEJM_CPC_35_2025,openai/gpt-5.4,adversarial,81,2,50,24,0.024691358024691357,0.6172839506172839,0.32098765432098764
NEJM_CPC_35_2025,openai/gpt-5.4,structured,72,1,38,16,0.013888888888888888,0.5277777777777778,0.2361111111111111
NEJM_CPC_35_2025,openai/gpt-5.2,baseline,45,3,25,10,0.06666666666666667,0.5555555555555556,0.28888888888888886
NEJM_CPC_35_2025,openai/gpt-5.2,adversarial,45,1,28,7,0.022222222222222223,0.6222222222222222,0.17777777777777778
NEJM_CPC_35_2025,openai/gpt-5.2,structured,44,3,26,7,0.06818181818181818,0.5909090909090909,0.22727272727272727
NEJM_CPC_35_2025,anthropic/claude-sonnet-4.5,baseline,54,1,34,19,0.018518518518518517,0.6296296296296297,0.37037037037037035
NEJM_CPC_35_2025,anthropic/claude-sonnet-4.5,adversarial,58,3,36,6,0.05172413793103448,0.6206896551724138,0.15517241379310345
NEJM_CPC_35_2025,anthropic/claude-sonnet-4.5,structured,69,1,43,15,0.014492753623188406,0.6231884057971014,0.2318840579710145
NEJM_CPC_35_2025,anthropic/claude-opus-4.5,baseline,46,2,31,10,0.043478260869565216,0.6739130434782609,0.2608695652173913
NEJM_CPC_35_2025,anthropic/claude-opus-4.5,adversarial,45,1,31,6,0.022222222222222223,0.6888888888888889,0.15555555555555556
NEJM_CPC_35_2025,anthropic/claude-opus-4.5,structured,76,2,44,17,0.02631578947368421,0.5789473684210527,0.25
NEJM_CPC_35_2025,google/gemini-3-pro-preview,baseline,42,4,23,9,0.09523809523809523,0.5476190476190477,0.30952380952380953
NEJM_CPC_35_2025,google/gemini-3-pro-preview,adversarial,61,1,39,15,0.01639344262295082,0.639344262295082,0.26229508196721313
NEJM_CPC_35_2025,google/gemini-3-pro-preview,structured,69,1,40,20,0.014492753623188406,0.5797101449275363,0.30434782608695654
NEJM_CPC_17_2025,openai/gpt-5.4,baseline,108,1,65,33,0.009259259259259259,0.6018518518518519,0.3148148148148148
NEJM_CPC_17_2025,openai/gpt-5.4,adversarial,62,1,33,18,0.016129032258064516,0.532258064516129,0.3064516129032258
NEJM_CPC_17_2025,openai/gpt-5.4,structured,86,3,50,16,0.03488372093023256,0.5813953488372093,0.22093023255813954
NEJM_CPC_17_2025,openai/gpt-5.2,baseline,50,0,30,20,0.0,0.6,0.4
NEJM_CPC_17_2025,openai/gpt-5.2,adversarial,50,4,31,8,0.08,0.62,0.24
NEJM_CPC_17_2025,anthropic/claude-sonnet-4.5,baseline,52,0,33,15,0.0,0.6346153846153846,0.28846153846153844
NEJM_CPC_17_2025,anthropic/claude-sonnet-4.5,adversarial,72,0,39,10,0.0,0.5416666666666666,0.1388888888888889
NEJM_CPC_17_2025,anthropic/claude-sonnet-4.5,structured,64,1,38,14,0.015625,0.59375,0.234375
NEJM_CPC_17_2025,anthropic/claude-opus-4.5,baseline,47,0,34,8,0.0,0.723404255319149,0.1702127659574468
NEJM_CPC_17_2025,anthropic/claude-opus-4.5,adversarial,69,1,51,9,0.014492753623188406,0.7391304347826086,0.14492753623188406
NEJM_CPC_17_2025,anthropic/claude-opus-4.5,structured,71,2,54,13,0.028169014084507043,0.7605633802816901,0.2112676056338028
NEJM_CPC_17_2025,google/gemini-3-pro-preview,baseline,38,2,17,6,0.05263157894736842,0.4473684210526316,0.21052631578947367
NEJM_CPC_17_2025,google/gemini-3-pro-preview,adversarial,82,2,52,17,0.024390243902439025,0.6341463414634146,0.23170731707317074
NEJM_CPC_17_2025,google/gemini-3-pro-preview,structured,56,1,34,9,0.017857142857142856,0.6071428571428571,0.17857142857142858
NEJM_CPC_12_2025,openai/gpt-5.4,baseline,72,5,31,33,0.06944444444444445,0.4305555555555556,0.5277777777777778
NEJM_CPC_12_2025,openai/gpt-5.4,adversarial,55,1,32,15,0.01818181818181818,0.5818181818181818,0.2909090909090909
NEJM_CPC_12_2025,openai/gpt-5.4,structured,63,2,32,21,0.031746031746031744,0.5079365079365079,0.36507936507936506
NEJM_CPC_12_2025,openai/gpt-5.2,baseline,43,2,21,13,0.046511627906976744,0.4883720930232558,0.3488372093023256
NEJM_CPC_12_2025,openai/gpt-5.2,adversarial,51,1,29,13,0.0196078431372549,0.5686274509803921,0.27450980392156865
NEJM_CPC_12_2025,openai/gpt-5.2,structured,59,5,26,20,0.0847457627118644,0.4406779661016949,0.423728813559322
NEJM_CPC_12_2025,anthropic/claude-sonnet-4.5,baseline,52,1,30,18,0.019230769230769232,0.5769230769230769,0.36538461538461536
NEJM_CPC_12_2025,anthropic/claude-sonnet-4.5,adversarial,50,2,24,8,0.04,0.48,0.2
NEJM_CPC_12_2025,anthropic/claude-sonnet-4.5,structured,73,2,34,14,0.0273972602739726,0.4657534246575342,0.2191780821917808
NEJM_CPC_12_2025,anthropic/claude-opus-4.5,baseline,31,0,18,13,0.0,0.5806451612903226,0.41935483870967744
NEJM_CPC_12_2025,anthropic/claude-opus-4.5,adversarial,75,3,47,10,0.04,0.6266666666666667,0.17333333333333334
NEJM_CPC_12_2025,anthropic/claude-opus-4.5,structured,66,2,39,15,0.030303030303030304,0.5909090909090909,0.25757575757575757
NEJM_CPC_12_2025,google/gemini-3-pro-preview,baseline,61,2,39,9,0.03278688524590164,0.639344262295082,0.18032786885245902
NEJM_CPC_12_2025,google/gemini-3-pro-preview,adversarial,114,2,82,22,0.017543859649122806,0.7192982456140351,0.21052631578947367
NEJM_CPC_12_2025,google/gemini-3-pro-preview,structured,74,3,42,24,0.04054054054054054,0.5675675675675675,0.36486486486486486
NEJM_CPC_08_2025,openai/gpt-5.4,baseline,63,0,44,18,0.0,0.6984126984126984,0.2857142857142857
NEJM_CPC_08_2025,openai/gpt-5.4,adversarial,77,1,41,20,0.012987012987012988,0.5324675324675324,0.2727272727272727
NEJM_CPC_08_2025,openai/gpt-5.4,structured,109,3,77,20,0.027522935779816515,0.7064220183486238,0.21100917431192662
NEJM_CPC_08_2025,openai/gpt-5.2,baseline,47,3,35,9,0.06382978723404255,0.7446808510638298,0.2553191489361702
NEJM_CPC_08_2025,openai/gpt-5.2,adversarial,63,0,50,10,0.0,0.7936507936507936,0.15873015873015872
NEJM_CPC_08_2025,openai/gpt-5.2,structured,62,2,45,8,0.03225806451612903,0.7258064516129032,0.16129032258064516
NEJM_CPC_08_2025,anthropic/claude-sonnet-4.5,baseline,49,1,34,10,0.02040816326530612,0.6938775510204082,0.22448979591836735
NEJM_CPC_08_2025,anthropic/claude-sonnet-4.5,adversarial,56,2,37,10,0.03571428571428571,0.6607142857142857,0.21428571428571427
NEJM_CPC_08_2025,anthropic/claude-sonnet-4.5,structured,67,1,41,11,0.014925373134328358,0.6119402985074627,0.1791044776119403
NEJM_CPC_08_2025,anthropic/claude-opus-4.5,baseline,46,1,35,7,0.021739130434782608,0.7608695652173914,0.17391304347826086
NEJM_CPC_08_2025,anthropic/claude-opus-4.5,adversarial,59,0,35,11,0.0,0.5932203389830508,0.1864406779661017
NEJM_CPC_08_2025,anthropic/claude-opus-4.5,structured,80,1,56,14,0.0125,0.7,0.1875
NEJM_CPC_08_2025,google/gemini-3-pro-preview,baseline,32,1,20,5,0.03125,0.625,0.1875
NEJM_CPC_08_2025,google/gemini-3-pro-preview,adversarial,46,0,24,6,0.0,0.5217391304347826,0.13043478260869565
NEJM_CPC_08_2025,google/gemini-3-pro-preview,structured,76,2,47,17,0.02631578947368421,0.618421052631579,0.25
NEJM_CPC_04_2025,openai/gpt-5.4,baseline,115,3,65,43,0.02608695652173913,0.5652173913043478,0.4
NEJM_CPC_04_2025,openai/gpt-5.4,adversarial,62,2,36,17,0.03225806451612903,0.5806451612903226,0.3064516129032258
NEJM_CPC_04_2025,openai/gpt-5.4,structured,60,2,34,13,0.03333333333333333,0.5666666666666667,0.25
NEJM_CPC_04_2025,openai/gpt-5.2,baseline,54,3,24,27,0.05555555555555555,0.4444444444444444,0.5555555555555556
NEJM_CPC_04_2025,openai/gpt-5.2,adversarial,69,1,41,9,0.014492753623188406,0.5942028985507246,0.14492753623188406
NEJM_CPC_04_2025,openai/gpt-5.2,structured,59,1,34,8,0.01694915254237288,0.576271186440678,0.15254237288135594
NEJM_CPC_04_2025,anthropic/claude-sonnet-4.5,baseline,56,1,35,18,0.017857142857142856,0.625,0.3392857142857143
NEJM_CPC_04_2025,anthropic/claude-sonnet-4.5,adversarial,73,1,31,18,0.0136986301369863,0.4246575342465753,0.2602739726027397
NEJM_CPC_04_2025,anthropic/claude-sonnet-4.5,structured,66,5,30,9,0.07575757575757576,0.45454545454545453,0.21212121212121213
NEJM_CPC_04_2025,anthropic/claude-opus-4.5,baseline,44,2,30,3,0.045454545454545456,0.6818181818181818,0.11363636363636363
NEJM_CPC_04_2025,anthropic/claude-opus-4.5,adversarial,45,0,35,9,0.0,0.7777777777777778,0.2
NEJM_CPC_04_2025,anthropic/claude-opus-4.5,structured,91,2,64,13,0.02197802197802198,0.7032967032967034,0.16483516483516483
NEJM_CPC_04_2025,google/gemini-3-pro-preview,baseline,40,0,30,8,0.0,0.75,0.2
NEJM_CPC_04_2025,google/gemini-3-pro-preview,adversarial,81,1,51,19,0.012345679012345678,0.6296296296296297,0.24691358024691357
NEJM_CPC_04_2025,google/gemini-3-pro-preview,structured,66,2,34,9,0.030303030303030304,0.5151515151515151,0.16666666666666666
NEJM_CPC_36_2024,openai/gpt-5.4,baseline,96,3,46,45,0.03125,0.4791666666666667,0.5
NEJM_CPC_36_2024,openai/gpt-5.4,adversarial,62,1,34,15,0.016129032258064516,0.5483870967741935,0.25806451612903225
NEJM_CPC_36_2024,openai/gpt-5.4,structured,58,1,40,14,0.017241379310344827,0.6896551724137931,0.25862068965517243
NEJM_CPC_36_2024,openai/gpt-5.2,baseline,47,3,26,18,0.06382978723404255,0.5531914893617021,0.44680851063829785
NEJM_CPC_36_2024,openai/gpt-5.2,adversarial,55,2,26,10,0.03636363636363636,0.4727272727272727,0.21818181818181817
NEJM_CPC_36_2024,openai/gpt-5.2,structured,37,1,18,10,0.02702702702702703,0.4864864864864865,0.2972972972972973
NEJM_CPC_36_2024,anthropic/claude-sonnet-4.5,adversarial,69,1,46,11,0.014492753623188406,0.6666666666666666,0.17391304347826086
NEJM_CPC_36_2024,anthropic/claude-sonnet-4.5,structured,79,1,53,11,0.012658227848101266,0.6708860759493671,0.1518987341772152
NEJM_CPC_36_2024,anthropic/claude-opus-4.5,baseline,39,1,23,7,0.02564102564102564,0.5897435897435898,0.20512820512820512
NEJM_CPC_36_2024,anthropic/claude-opus-4.5,adversarial,44,1,31,6,0.022727272727272728,0.7045454545454546,0.1590909090909091
NEJM_CPC_36_2024,anthropic/claude-opus-4.5,structured,76,1,41,24,0.013157894736842105,0.5394736842105263,0.32894736842105265
NEJM_CPC_36_2024,google/gemini-3-pro-preview,baseline,45,0,29,5,0.0,0.6444444444444445,0.1111111111111111
NEJM_CPC_36_2024,google/gemini-3-pro-preview,adversarial,72,2,50,13,0.027777777777777776,0.6944444444444444,0.20833333333333334
NEJM_CPC_36_2024,google/gemini-3-pro-preview,structured,85,4,43,14,0.047058823529411764,0.5058823529411764,0.21176470588235294
NEJM_CPC_31_2024,openai/gpt-5.4,baseline,98,1,55,29,0.01020408163265306,0.5612244897959183,0.30612244897959184
NEJM_CPC_31_2024,openai/gpt-5.4,adversarial,71,1,37,17,0.014084507042253521,0.5211267605633803,0.2535211267605634
NEJM_CPC_31_2024,openai/gpt-5.4,structured,70,4,37,24,0.05714285714285714,0.5285714285714286,0.4
NEJM_CPC_31_2024,openai/gpt-5.2,baseline,72,2,44,21,0.027777777777777776,0.6111111111111112,0.3194444444444444
NEJM_CPC_31_2024,openai/gpt-5.2,adversarial,43,1,21,14,0.023255813953488372,0.4883720930232558,0.3488372093023256
NEJM_CPC_31_2024,openai/gpt-5.2,structured,74,1,45,17,0.013513513513513514,0.6081081081081081,0.24324324324324326
NEJM_CPC_31_2024,anthropic/claude-sonnet-4.5,baseline,60,1,40,17,0.016666666666666666,0.6666666666666666,0.3
NEJM_CPC_31_2024,anthropic/claude-sonnet-4.5,adversarial,60,3,26,12,0.05,0.43333333333333335,0.25
NEJM_CPC_31_2024,anthropic/claude-sonnet-4.5,structured,64,2,28,14,0.03125,0.4375,0.25
NEJM_CPC_31_2024,anthropic/claude-opus-4.5,baseline,33,0,21,12,0.0,0.6363636363636364,0.36363636363636365
NEJM_CPC_31_2024,anthropic/claude-opus-4.5,adversarial,64,1,28,23,0.015625,0.4375,0.375
NEJM_CPC_31_2024,anthropic/claude-opus-4.5,structured,75,1,38,24,0.013333333333333334,0.5066666666666667,0.3333333333333333
NEJM_CPC_31_2024,google/gemini-3-pro-preview,baseline,42,2,22,7,0.047619047619047616,0.5238095238095238,0.21428571428571427
NEJM_CPC_31_2024,google/gemini-3-pro-preview,adversarial,65,2,34,17,0.03076923076923077,0.5230769230769231,0.2923076923076923
NEJM_CPC_31_2024,google/gemini-3-pro-preview,structured,70,1,46,17,0.014285714285714285,0.6571428571428571,0.2571428571428571
NEJM_CPC_19_2024,openai/gpt-5.4,baseline,97,6,51,37,0.061855670103092786,0.5257731958762887,0.44329896907216493
NEJM_CPC_19_2024,openai/gpt-5.4,adversarial,66,2,40,21,0.030303030303030304,0.6060606060606061,0.3484848484848485
NEJM_CPC_19_2024,openai/gpt-5.4,structured,78,6,27,30,0.07692307692307693,0.34615384615384615,0.46153846153846156
NEJM_CPC_19_2024,openai/gpt-5.2,baseline,55,0,27,15,0.0,0.4909090909090909,0.2727272727272727
NEJM_CPC_19_2024,openai/gpt-5.2,adversarial,38,1,20,3,0.02631578947368421,0.5263157894736842,0.10526315789473684
NEJM_CPC_19_2024,openai/gpt-5.2,structured,72,7,32,21,0.09722222222222222,0.4444444444444444,0.3888888888888889
NEJM_CPC_19_2024,anthropic/claude-sonnet-4.5,baseline,52,1,32,16,0.019230769230769232,0.6153846153846154,0.3269230769230769
NEJM_CPC_19_2024,anthropic/claude-sonnet-4.5,adversarial,62,3,34,15,0.04838709677419355,0.5483870967741935,0.2903225806451613
NEJM_CPC_19_2024,anthropic/claude-sonnet-4.5,structured,60,1,36,12,0.016666666666666666,0.6,0.21666666666666667
NEJM_CPC_19_2024,anthropic/claude-opus-4.5,baseline,33,0,24,8,0.0,0.7272727272727273,0.24242424242424243
NEJM_CPC_19_2024,anthropic/claude-opus-4.5,adversarial,46,1,33,5,0.021739130434782608,0.717391304347826,0.13043478260869565
NEJM_CPC_19_2024,anthropic/claude-opus-4.5,structured,48,1,31,14,0.020833333333333332,0.6458333333333334,0.3125
NEJM_CPC_19_2024,google/gemini-3-pro-preview,baseline,51,3,26,11,0.058823529411764705,0.5098039215686274,0.27450980392156865
NEJM_CPC_19_2024,google/gemini-3-pro-preview,adversarial,74,2,43,19,0.02702702702702703,0.581081081081081,0.28378378378378377
NEJM_CPC_19_2024,google/gemini-3-pro-preview,structured,69,3,39,15,0.043478260869565216,0.5652173913043478,0.2608695652173913
NEJM_CPC_14_2024,openai/gpt-5.4,baseline,87,0,52,34,0.0,0.5977011494252874,0.39080459770114945
NEJM_CPC_14_2024,openai/gpt-5.4,adversarial,60,0,32,18,0.0,0.5333333333333333,0.3
NEJM_CPC_14_2024,openai/gpt-5.4,structured,69,2,34,26,0.028985507246376812,0.4927536231884058,0.4057971014492754
NEJM_CPC_14_2024,openai/gpt-5.2,baseline,45,1,29,11,0.022222222222222223,0.6444444444444445,0.26666666666666666
NEJM_CPC_14_2024,openai/gpt-5.2,adversarial,50,2,27,8,0.04,0.54,0.2
NEJM_CPC_14_2024,openai/gpt-5.2,structured,70,1,30,24,0.014285714285714285,0.42857142857142855,0.35714285714285715
NEJM_CPC_14_2024,anthropic/claude-sonnet-4.5,baseline,65,3,37,20,0.046153846153846156,0.5692307692307692,0.35384615384615387
NEJM_CPC_14_2024,anthropic/claude-sonnet-4.5,adversarial,69,0,36,17,0.0,0.5217391304347826,0.2463768115942029
NEJM_CPC_14_2024,anthropic/claude-sonnet-4.5,structured,62,2,22,13,0.03225806451612903,0.3548387096774194,0.24193548387096775
NEJM_CPC_14_2024,anthropic/claude-opus-4.5,baseline,40,0,22,16,0.0,0.55,0.4
NEJM_CPC_14_2024,anthropic/claude-opus-4.5,adversarial,49,1,25,10,0.02040816326530612,0.5102040816326531,0.22448979591836735
NEJM_CPC_14_2024,anthropic/claude-opus-4.5,structured,53,4,29,7,0.07547169811320754,0.5471698113207547,0.20754716981132076
NEJM_CPC_14_2024,google/gemini-3-pro-preview,baseline,42,5,26,4,0.11904761904761904,0.6190476190476191,0.21428571428571427
NEJM_CPC_14_2024,google/gemini-3-pro-preview,adversarial,74,2,42,23,0.02702702702702703,0.5675675675675675,0.33783783783783783
NEJM_CPC_14_2024,google/gemini-3-pro-preview,structured,64,2,28,15,0.03125,0.4375,0.265625
NEJM_CPC_07_2024,openai/gpt-5.4,baseline,149,5,65,79,0.03355704697986577,0.436241610738255,0.5637583892617449
NEJM_CPC_07_2024,openai/gpt-5.4,adversarial,79,2,36,29,0.02531645569620253,0.45569620253164556,0.3924050632911392
NEJM_CPC_07_2024,openai/gpt-5.4,structured,74,3,36,22,0.04054054054054054,0.4864864864864865,0.33783783783783783
NEJM_CPC_07_2024,openai/gpt-5.2,baseline,79,4,33,38,0.05063291139240506,0.4177215189873418,0.5316455696202531
NEJM_CPC_07_2024,openai/gpt-5.2,adversarial,43,1,20,13,0.023255813953488372,0.46511627906976744,0.32558139534883723
NEJM_CPC_07_2024,openai/gpt-5.2,structured,65,2,32,23,0.03076923076923077,0.49230769230769234,0.38461538461538464
NEJM_CPC_07_2024,anthropic/claude-sonnet-4.5,baseline,59,0,34,25,0.0,0.576271186440678,0.423728813559322
NEJM_CPC_07_2024,anthropic/claude-sonnet-4.5,adversarial,61,1,29,19,0.01639344262295082,0.47540983606557374,0.32786885245901637
NEJM_CPC_07_2024,anthropic/claude-sonnet-4.5,structured,55,1,24,10,0.01818181818181818,0.43636363636363634,0.2
NEJM_CPC_07_2024,anthropic/claude-opus-4.5,baseline,34,1,21,10,0.029411764705882353,0.6176470588235294,0.3235294117647059
NEJM_CPC_07_2024,anthropic/claude-opus-4.5,adversarial,58,0,29,15,0.0,0.5,0.25862068965517243
NEJM_CPC_07_2024,anthropic/claude-opus-4.5,structured,79,1,57,12,0.012658227848101266,0.7215189873417721,0.16455696202531644
NEJM_CPC_07_2024,google/gemini-3-pro-preview,baseline,58,0,25,26,0.0,0.43103448275862066,0.4482758620689655
NEJM_CPC_07_2024,google/gemini-3-pro-preview,adversarial,80,4,45,19,0.05,0.5625,0.2875
NEJM_CPC_07_2024,google/gemini-3-pro-preview,structured,94,1,53,22,0.010638297872340425,0.5638297872340425,0.24468085106382978
NEJM_CPC_38_2023,openai/gpt-5.4,baseline,84,1,54,25,0.011904761904761904,0.6428571428571429,0.30952380952380953
NEJM_CPC_38_2023,openai/gpt-5.4,adversarial,62,1,38,11,0.016129032258064516,0.6129032258064516,0.1935483870967742
NEJM_CPC_38_2023,openai/gpt-5.4,structured,64,0,36,17,0.0,0.5625,0.265625
NEJM_CPC_38_2023,openai/gpt-5.2,baseline,47,0,32,9,0.0,0.6808510638297872,0.19148936170212766
NEJM_CPC_38_2023,openai/gpt-5.2,adversarial,47,1,30,4,0.02127659574468085,0.6382978723404256,0.10638297872340426
NEJM_CPC_38_2023,openai/gpt-5.2,structured,71,0,44,12,0.0,0.6197183098591549,0.16901408450704225
NEJM_CPC_38_2023,anthropic/claude-sonnet-4.5,baseline,52,0,35,13,0.0,0.6730769230769231,0.25
NEJM_CPC_38_2023,anthropic/claude-sonnet-4.5,adversarial,70,2,40,12,0.02857142857142857,0.5714285714285714,0.2
NEJM_CPC_38_2023,anthropic/claude-sonnet-4.5,structured,57,1,26,18,0.017543859649122806,0.45614035087719296,0.3333333333333333
NEJM_CPC_38_2023,anthropic/claude-opus-4.5,baseline,21,0,16,4,0.0,0.7619047619047619,0.19047619047619047
NEJM_CPC_38_2023,anthropic/claude-opus-4.5,adversarial,62,1,29,12,0.016129032258064516,0.46774193548387094,0.20967741935483872
NEJM_CPC_38_2023,anthropic/claude-opus-4.5,structured,63,1,41,9,0.015873015873015872,0.6507936507936508,0.15873015873015872
NEJM_CPC_38_2023,google/gemini-3-pro-preview,baseline,31,0,19,7,0.0,0.6129032258064516,0.22580645161290322
NEJM_CPC_38_2023,google/gemini-3-pro-preview,adversarial,43,3,25,11,0.06976744186046512,0.5813953488372093,0.32558139534883723
NEJM_CPC_38_2023,google/gemini-3-pro-preview,structured,74,1,44,16,0.013513513513513514,0.5945945945945946,0.22972972972972974
NEJM_CPC_31_2023,openai/gpt-5.4,baseline,77,0,46,28,0.0,0.5974025974025974,0.36363636363636365
NEJM_CPC_31_2023,openai/gpt-5.4,adversarial,60,0,34,18,0.0,0.5666666666666667,0.3
NEJM_CPC_31_2023,openai/gpt-5.4,structured,90,1,43,21,0.011111111111111112,0.4777777777777778,0.24444444444444444
NEJM_CPC_31_2023,openai/gpt-5.2,baseline,82,0,44,36,0.0,0.5365853658536586,0.43902439024390244
NEJM_CPC_31_2023,openai/gpt-5.2,adversarial,40,2,15,5,0.05,0.375,0.175
NEJM_CPC_31_2023,openai/gpt-5.2,structured,65,1,37,15,0.015384615384615385,0.5692307692307692,0.24615384615384617
NEJM_CPC_31_2023,anthropic/claude-sonnet-4.5,baseline,55,0,30,22,0.0,0.5454545454545454,0.4
NEJM_CPC_31_2023,anthropic/claude-sonnet-4.5,adversarial,74,5,39,14,0.06756756756756757,0.527027027027027,0.25675675675675674
NEJM_CPC_31_2023,anthropic/claude-sonnet-4.5,structured,90,10,39,15,0.1111111111111111,0.43333333333333335,0.2777777777777778
NEJM_CPC_31_2023,anthropic/claude-opus-4.5,baseline,28,0,17,10,0.0,0.6071428571428571,0.35714285714285715
NEJM_CPC_31_2023,anthropic/claude-opus-4.5,adversarial,52,1,29,8,0.019230769230769232,0.5576923076923077,0.17307692307692307
NEJM_CPC_31_2023,anthropic/claude-opus-4.5,structured,66,3,34,16,0.045454545454545456,0.5151515151515151,0.2878787878787879
NEJM_CPC_31_2023,google/gemini-3-pro-preview,baseline,24,0,12,11,0.0,0.5,0.4583333333333333
NEJM_CPC_31_2023,google/gemini-3-pro-preview,adversarial,51,1,25,16,0.0196078431372549,0.49019607843137253,0.3333333333333333
NEJM_CPC_31_2023,google/gemini-3-pro-preview,structured,52,2,22,18,0.038461538461538464,0.4230769230769231,0.38461538461538464
NEJM_CPC_02_2023,openai/gpt-5.4,baseline,88,2,56,29,0.022727272727272728,0.6363636363636364,0.3522727272727273
NEJM_CPC_02_2023,openai/gpt-5.4,adversarial,58,1,24,18,0.017241379310344827,0.41379310344827586,0.3275862068965517
NEJM_CPC_02_2023,openai/gpt-5.4,structured,79,1,47,17,0.012658227848101266,0.5949367088607594,0.22784810126582278
NEJM_CPC_02_2023,openai/gpt-5.2,baseline,57,6,27,14,0.10526315789473684,0.47368421052631576,0.3508771929824561
NEJM_CPC_02_2023,openai/gpt-5.2,adversarial,59,2,32,15,0.03389830508474576,0.5423728813559322,0.288135593220339
NEJM_CPC_02_2023,openai/gpt-5.2,structured,64,1,31,20,0.015625,0.484375,0.328125
NEJM_CPC_02_2023,anthropic/claude-sonnet-4.5,baseline,46,1,30,14,0.021739130434782608,0.6521739130434783,0.32608695652173914
NEJM_CPC_02_2023,anthropic/claude-sonnet-4.5,adversarial,72,1,43,16,0.013888888888888888,0.5972222222222222,0.2361111111111111
NEJM_CPC_02_2023,anthropic/claude-sonnet-4.5,structured,54,1,37,9,0.018518518518518517,0.6851851851851852,0.18518518518518517
NEJM_CPC_02_2023,anthropic/claude-opus-4.5,baseline,42,2,25,9,0.047619047619047616,0.5952380952380952,0.2619047619047619
NEJM_CPC_02_2023,anthropic/claude-opus-4.5,adversarial,46,2,30,3,0.043478260869565216,0.6521739130434783,0.10869565217391304
NEJM_CPC_02_2023,anthropic/claude-opus-4.5,structured,59,1,41,13,0.01694915254237288,0.6949152542372882,0.23728813559322035
NEJM_CPC_02_2023,google/gemini-3-pro-preview,baseline,38,1,21,12,0.02631578947368421,0.5526315789473685,0.34210526315789475
NEJM_CPC_02_2023,google/gemini-3-pro-preview,adversarial,77,3,43,25,0.03896103896103896,0.5584415584415584,0.36363636363636365
NEJM_CPC_02_2023,google/gemini-3-pro-preview,structured,66,2,36,16,0.030303030303030304,0.5454545454545454,0.2727272727272727
NEJM_CPC_33_2022,openai/gpt-5.4,baseline,71,4,38,16,0.056338028169014086,0.5352112676056338,0.28169014084507044
NEJM_CPC_33_2022,openai/gpt-5.4,adversarial,74,1,49,15,0.013513513513513514,0.6621621621621622,0.21621621621621623
NEJM_CPC_33_2022,openai/gpt-5.4,structured,70,2,45,13,0.02857142857142857,0.6428571428571429,0.21428571428571427
NEJM_CPC_33_2022,openai/gpt-5.2,baseline,84,3,47,19,0.03571428571428571,0.5595238095238095,0.2619047619047619
NEJM_CPC_33_2022,openai/gpt-5.2,adversarial,51,2,31,7,0.0392156862745098,0.6078431372549019,0.17647058823529413
NEJM_CPC_33_2022,openai/gpt-5.2,structured,41,2,16,6,0.04878048780487805,0.3902439024390244,0.1951219512195122
NEJM_CPC_33_2022,anthropic/claude-sonnet-4.5,baseline,50,3,27,17,0.06,0.54,0.4
NEJM_CPC_33_2022,anthropic/claude-sonnet-4.5,adversarial,71,1,48,13,0.014084507042253521,0.676056338028169,0.19718309859154928
NEJM_CPC_33_2022,anthropic/claude-sonnet-4.5,structured,92,8,52,18,0.08695652173913043,0.5652173913043478,0.2826086956521739
NEJM_CPC_33_2022,anthropic/claude-opus-4.5,baseline,51,1,32,17,0.0196078431372549,0.6274509803921569,0.35294117647058826
NEJM_CPC_33_2022,anthropic/claude-opus-4.5,adversarial,62,0,40,15,0.0,0.6451612903225806,0.24193548387096775
NEJM_CPC_33_2022,anthropic/claude-opus-4.5,structured,63,1,32,15,0.015873015873015872,0.5079365079365079,0.25396825396825395
NEJM_CPC_33_2022,google/gemini-3-pro-preview,baseline,42,2,19,8,0.047619047619047616,0.4523809523809524,0.23809523809523808
NEJM_CPC_33_2022,google/gemini-3-pro-preview,adversarial,59,1,37,9,0.01694915254237288,0.6271186440677966,0.1694915254237288
NEJM_CPC_33_2022,google/gemini-3-pro-preview,structured,48,1,34,8,0.020833333333333332,0.7083333333333334,0.1875
NEJM_CPC_21_2022,openai/gpt-5.4,baseline,79,1,48,27,0.012658227848101266,0.6075949367088608,0.35443037974683544
NEJM_CPC_21_2022,openai/gpt-5.4,adversarial,46,1,29,12,0.021739130434782608,0.6304347826086957,0.2826086956521739
NEJM_CPC_21_2022,openai/gpt-5.4,structured,56,3,31,14,0.05357142857142857,0.5535714285714286,0.30357142857142855
NEJM_CPC_21_2022,openai/gpt-5.2,baseline,71,6,44,13,0.08450704225352113,0.6197183098591549,0.2676056338028169
NEJM_CPC_21_2022,openai/gpt-5.2,adversarial,56,1,38,3,0.017857142857142856,0.6785714285714286,0.07142857142857142
NEJM_CPC_21_2022,openai/gpt-5.2,structured,59,1,40,7,0.01694915254237288,0.6779661016949152,0.13559322033898305
NEJM_CPC_21_2022,anthropic/claude-sonnet-4.5,baseline,50,0,32,17,0.0,0.64,0.34
NEJM_CPC_21_2022,anthropic/claude-sonnet-4.5,adversarial,66,1,45,12,0.015151515151515152,0.6818181818181818,0.19696969696969696
NEJM_CPC_21_2022,anthropic/claude-sonnet-4.5,structured,56,6,25,8,0.10714285714285714,0.44642857142857145,0.25
NEJM_CPC_21_2022,anthropic/claude-opus-4.5,baseline,45,3,23,3,0.06666666666666667,0.5111111111111111,0.13333333333333333
NEJM_CPC_21_2022,anthropic/claude-opus-4.5,adversarial,58,2,34,12,0.034482758620689655,0.5862068965517241,0.2413793103448276
NEJM_CPC_21_2022,anthropic/claude-opus-4.5,structured,69,1,31,16,0.014492753623188406,0.4492753623188406,0.2463768115942029
NEJM_CPC_21_2022,google/gemini-3-pro-preview,baseline,52,2,23,12,0.038461538461538464,0.4423076923076923,0.2692307692307692
NEJM_CPC_21_2022,google/gemini-3-pro-preview,adversarial,55,1,30,14,0.01818181818181818,0.5454545454545454,0.2727272727272727
NEJM_CPC_21_2022,google/gemini-3-pro-preview,structured,52,2,27,10,0.038461538461538464,0.5192307692307693,0.23076923076923078
NEJM_CPC_15_2022,openai/gpt-5.4,baseline,57,2,34,21,0.03508771929824561,0.5964912280701754,0.40350877192982454
NEJM_CPC_15_2022,openai/gpt-5.4,adversarial,69,1,36,16,0.014492753623188406,0.5217391304347826,0.2463768115942029
NEJM_CPC_15_2022,openai/gpt-5.4,structured,52,2,29,9,0.038461538461538464,0.5576923076923077,0.21153846153846154
NEJM_CPC_15_2022,openai/gpt-5.2,adversarial,53,1,36,7,0.018867924528301886,0.6792452830188679,0.1509433962264151
NEJM_CPC_15_2022,openai/gpt-5.2,structured,60,1,35,11,0.016666666666666666,0.5833333333333334,0.2
NEJM_CPC_15_2022,anthropic/claude-sonnet-4.5,baseline,76,1,45,27,0.013157894736842105,0.5921052631578947,0.3684210526315789
NEJM_CPC_15_2022,anthropic/claude-sonnet-4.5,adversarial,68,1,30,19,0.014705882352941176,0.4411764705882353,0.29411764705882354
NEJM_CPC_15_2022,anthropic/claude-sonnet-4.5,structured,60,2,33,13,0.03333333333333333,0.55,0.25
NEJM_CPC_15_2022,anthropic/claude-opus-4.5,baseline,55,2,34,15,0.03636363636363636,0.6181818181818182,0.3090909090909091
NEJM_CPC_15_2022,anthropic/claude-opus-4.5,adversarial,42,2,22,5,0.047619047619047616,0.5238095238095238,0.16666666666666666
NEJM_CPC_15_2022,anthropic/claude-opus-4.5,structured,49,1,29,11,0.02040816326530612,0.5918367346938775,0.24489795918367346
NEJM_CPC_15_2022,google/gemini-3-pro-preview,baseline,35,2,19,10,0.05714285714285714,0.5428571428571428,0.34285714285714286
NEJM_CPC_15_2022,google/gemini-3-pro-preview,adversarial,70,1,45,12,0.014285714285714285,0.6428571428571429,0.18571428571428572
NEJM_CPC_15_2022,google/gemini-3-pro-preview,structured,61,1,32,20,0.01639344262295082,0.5245901639344263,0.3442622950819672
NEJM_CPC_11_2022,openai/gpt-5.4,baseline,112,1,70,41,0.008928571428571428,0.625,0.375
NEJM_CPC_11_2022,openai/gpt-5.4,adversarial,76,0,43,21,0.0,0.5657894736842105,0.27631578947368424
NEJM_CPC_11_2022,openai/gpt-5.4,structured,127,1,80,40,0.007874015748031496,0.6299212598425197,0.3228346456692913
NEJM_CPC_11_2022,openai/gpt-5.2,baseline,61,1,41,19,0.01639344262295082,0.6721311475409836,0.32786885245901637
NEJM_CPC_11_2022,openai/gpt-5.2,adversarial,41,1,26,6,0.024390243902439025,0.6341463414634146,0.17073170731707318
NEJM_CPC_11_2022,openai/gpt-5.2,structured,69,1,42,19,0.014492753623188406,0.6086956521739131,0.2898550724637681
NEJM_CPC_11_2022,anthropic/claude-sonnet-4.5,baseline,55,0,28,18,0.0,0.509090909090909,0.32727272727272727
NEJM_CPC_11_2022,anthropic/claude-sonnet-4.5,adversarial,80,0,49,19,0.0,0.6125,0.2375
NEJM_CPC_11_2022,anthropic/claude-sonnet-4.5,structured,77,1,48,15,0.012987012987012988,0.6233766233766234,0.2077922077922078
NEJM_CPC_11_2022,anthropic/claude-opus-4.5,baseline,43,1,30,4,0.023255813953488372,0.6976744186046512,0.11627906976744186
NEJM_CPC_11_2022,anthropic/claude-opus-4.5,adversarial,43,1,33,5,0.023255813953488372,0.7674418604651163,0.13953488372093023
NEJM_CPC_11_2022,anthropic/claude-opus-4.5,structured,70,1,50,11,0.014285714285714285,0.7142857142857143,0.17142857142857143
NEJM_CPC_11_2022,google/gemini-3-pro-preview,baseline,44,0,26,10,0.0,0.5909090909090909,0.22727272727272727
NEJM_CPC_11_2022,google/gemini-3-pro-preview,adversarial,51,1,32,11,0.0196078431372549,0.6274509803921569,0.23529411764705882
NEJM_CPC_11_2022,google/gemini-3-pro-preview,structured,74,2,48,16,0.02702702702702703,0.6486486486486487,0.24324324324324326
NEJM_CPC_03_2022,openai/gpt-5.4,baseline,122,1,73,44,0.00819672131147541,0.5983606557377049,0.36885245901639346
NEJM_CPC_03_2022,openai/gpt-5.4,adversarial,72,1,33,19,0.013888888888888888,0.4583333333333333,0.2777777777777778
NEJM_CPC_03_2022,openai/gpt-5.4,structured,79,3,41,24,0.0379746835443038,0.5189873417721519,0.34177215189873417
NEJM_CPC_03_2022,openai/gpt-5.2,baseline,45,0,31,14,0.0,0.6888888888888889,0.3111111111111111
NEJM_CPC_03_2022,openai/gpt-5.2,adversarial,50,1,27,8,0.02,0.54,0.18
NEJM_CPC_03_2022,openai/gpt-5.2,structured,68,3,36,14,0.04411764705882353,0.5294117647058824,0.25
NEJM_CPC_03_2022,anthropic/claude-sonnet-4.5,baseline,60,2,34,19,0.03333333333333333,0.5666666666666667,0.35
NEJM_CPC_03_2022,anthropic/claude-sonnet-4.5,adversarial,81,3,40,25,0.037037037037037035,0.49382716049382713,0.345679012345679
NEJM_CPC_03_2022,anthropic/claude-sonnet-4.5,structured,63,1,34,20,0.015873015873015872,0.5396825396825397,0.3333333333333333
NEJM_CPC_03_2022,anthropic/claude-opus-4.5,baseline,56,2,25,20,0.03571428571428571,0.44642857142857145,0.39285714285714285
NEJM_CPC_03_2022,anthropic/claude-opus-4.5,adversarial,70,0,44,18,0.0,0.6285714285714286,0.2571428571428571
NEJM_CPC_03_2022,anthropic/claude-opus-4.5,structured,88,1,67,15,0.011363636363636364,0.7613636363636364,0.18181818181818182
NEJM_CPC_03_2022,google/gemini-3-pro-preview,baseline,51,2,35,10,0.0392156862745098,0.6862745098039216,0.23529411764705882
NEJM_CPC_03_2022,google/gemini-3-pro-preview,adversarial,50,1,34,10,0.02,0.68,0.22
NEJM_CPC_03_2022,google/gemini-3-pro-preview,structured,82,3,52,16,0.036585365853658534,0.6341463414634146,0.23170731707317074
NEJM_CPC_25_2021,openai/gpt-5.4,baseline,93,1,58,32,0.010752688172043012,0.6236559139784946,0.3548387096774194
NEJM_CPC_25_2021,openai/gpt-5.4,adversarial,70,1,34,17,0.014285714285714285,0.4857142857142857,0.2571428571428571
NEJM_CPC_25_2021,openai/gpt-5.4,structured,99,1,75,22,0.010101010101010102,0.7575757575757576,0.23232323232323232
NEJM_CPC_25_2021,openai/gpt-5.2,baseline,43,2,27,14,0.046511627906976744,0.627906976744186,0.37209302325581395
NEJM_CPC_25_2021,openai/gpt-5.2,adversarial,56,2,34,8,0.03571428571428571,0.6071428571428571,0.17857142857142858
NEJM_CPC_25_2021,openai/gpt-5.2,structured,52,1,31,8,0.019230769230769232,0.5961538461538461,0.17307692307692307
NEJM_CPC_25_2021,anthropic/claude-sonnet-4.5,baseline,54,2,40,6,0.037037037037037035,0.7407407407407407,0.14814814814814814
NEJM_CPC_25_2021,anthropic/claude-sonnet-4.5,adversarial,68,1,43,12,0.014705882352941176,0.6323529411764706,0.19117647058823528
NEJM_CPC_25_2021,anthropic/claude-sonnet-4.5,structured,69,1,50,9,0.014492753623188406,0.7246376811594203,0.14492753623188406
NEJM_CPC_25_2021,anthropic/claude-opus-4.5,baseline,46,2,30,6,0.043478260869565216,0.6521739130434783,0.17391304347826086
NEJM_CPC_25_2021,anthropic/claude-opus-4.5,adversarial,39,0,34,5,0.0,0.8717948717948718,0.1282051282051282
NEJM_CPC_25_2021,anthropic/claude-opus-4.5,structured,78,1,56,13,0.01282051282051282,0.717948717948718,0.1794871794871795
NEJM_CPC_25_2021,google/gemini-3-pro-preview,baseline,33,0,23,7,0.0,0.696969696969697,0.21212121212121213
NEJM_CPC_25_2021,google/gemini-3-pro-preview,adversarial,70,1,43,16,0.014285714285714285,0.6142857142857143,0.24285714285714285
NEJM_CPC_25_2021,google/gemini-3-pro-preview,structured,64,4,32,19,0.0625,0.5,0.359375
NEJM_CPC_03_2021,openai/gpt-5.4,baseline,96,0,52,29,0.0,0.5416666666666666,0.3020833333333333
NEJM_CPC_03_2021,openai/gpt-5.4,adversarial,53,1,23,16,0.018867924528301886,0.4339622641509434,0.32075471698113206
NEJM_CPC_03_2021,openai/gpt-5.4,structured,77,2,44,28,0.025974025974025976,0.5714285714285714,0.38961038961038963
NEJM_CPC_03_2021,openai/gpt-5.2,baseline,84,0,42,35,0.0,0.5,0.4166666666666667
NEJM_CPC_03_2021,openai/gpt-5.2,adversarial,34,1,16,11,0.029411764705882353,0.47058823529411764,0.35294117647058826
NEJM_CPC_03_2021,openai/gpt-5.2,structured,52,2,31,5,0.038461538461538464,0.5961538461538461,0.1346153846153846
NEJM_CPC_03_2021,anthropic/claude-sonnet-4.5,baseline,51,2,33,16,0.0392156862745098,0.6470588235294118,0.35294117647058826
NEJM_CPC_03_2021,anthropic/claude-sonnet-4.5,adversarial,68,1,42,9,0.014705882352941176,0.6176470588235294,0.14705882352941177
NEJM_CPC_03_2021,anthropic/claude-sonnet-4.5,structured,108,1,66,26,0.009259259259259259,0.6111111111111112,0.25
NEJM_CPC_03_2021,anthropic/claude-opus-4.5,baseline,50,1,34,13,0.02,0.68,0.28
NEJM_CPC_03_2021,anthropic/claude-opus-4.5,adversarial,43,1,26,8,0.023255813953488372,0.6046511627906976,0.20930232558139536
NEJM_CPC_03_2021,anthropic/claude-opus-4.5,structured,82,1,46,14,0.012195121951219513,0.5609756097560976,0.18292682926829268
NEJM_CPC_03_2021,google/gemini-3-pro-preview,baseline,31,2,18,8,0.06451612903225806,0.5806451612903226,0.3225806451612903
NEJM_CPC_03_2021,google/gemini-3-pro-preview,adversarial,78,4,46,17,0.05128205128205128,0.5897435897435898,0.2692307692307692
NEJM_CPC_03_2021,google/gemini-3-pro-preview,structured,58,1,32,12,0.017241379310344827,0.5517241379310345,0.22413793103448276
NEJM_CPC_27_2020,openai/gpt-5.4,baseline,54,0,32,17,0.0,0.5925925925925926,0.3148148148148148
NEJM_CPC_27_2020,openai/gpt-5.4,adversarial,61,1,40,13,0.01639344262295082,0.6557377049180327,0.22950819672131148
NEJM_CPC_27_2020,openai/gpt-5.4,structured,75,1,55,13,0.013333333333333334,0.7333333333333333,0.18666666666666668
NEJM_CPC_27_2020,openai/gpt-5.2,baseline,45,0,30,11,0.0,0.6666666666666666,0.24444444444444444
NEJM_CPC_27_2020,openai/gpt-5.2,adversarial,52,1,42,4,0.019230769230769232,0.8076923076923077,0.09615384615384616
NEJM_CPC_27_2020,openai/gpt-5.2,structured,67,1,44,8,0.014925373134328358,0.6567164179104478,0.13432835820895522
NEJM_CPC_27_2020,anthropic/claude-sonnet-4.5,baseline,54,8,26,9,0.14814814814814814,0.48148148148148145,0.3148148148148148
NEJM_CPC_27_2020,anthropic/claude-sonnet-4.5,adversarial,49,3,25,10,0.061224489795918366,0.5102040816326531,0.2653061224489796
NEJM_CPC_27_2020,anthropic/claude-sonnet-4.5,structured,68,1,50,9,0.014705882352941176,0.7352941176470589,0.14705882352941177
NEJM_CPC_27_2020,anthropic/claude-opus-4.5,baseline,47,0,31,16,0.0,0.6595744680851063,0.3404255319148936
NEJM_CPC_27_2020,anthropic/claude-opus-4.5,adversarial,44,1,32,7,0.022727272727272728,0.7272727272727273,0.18181818181818182
NEJM_CPC_27_2020,anthropic/claude-opus-4.5,structured,66,1,43,12,0.015151515151515152,0.6515151515151515,0.19696969696969696
NEJM_CPC_27_2020,google/gemini-3-pro-preview,baseline,41,0,23,11,0.0,0.5609756097560976,0.2682926829268293
NEJM_CPC_27_2020,google/gemini-3-pro-preview,adversarial,76,2,43,10,0.02631578947368421,0.5657894736842105,0.15789473684210525
NEJM_CPC_27_2020,google/gemini-3-pro-preview,structured,67,0,46,10,0.0,0.6865671641791045,0.14925373134328357
NEJM_CPC_02_2026,openai/gpt-5.4,baseline,120,0,72,38,0.0,0.6,0.31666666666666665
NEJM_CPC_02_2026,openai/gpt-5.4,adversarial,67,1,39,13,0.014925373134328358,0.582089552238806,0.208955223880597
NEJM_CPC_02_2026,openai/gpt-5.4,structured,61,1,39,16,0.01639344262295082,0.639344262295082,0.2786885245901639
NEJM_CPC_02_2026,openai/gpt-5.2,baseline,69,3,53,11,0.043478260869565216,0.7681159420289855,0.2028985507246377
NEJM_CPC_02_2026,openai/gpt-5.2,adversarial,47,2,23,6,0.0425531914893617,0.48936170212765956,0.1702127659574468
NEJM_CPC_02_2026,openai/gpt-5.2,structured,54,3,38,7,0.05555555555555555,0.7037037037037037,0.18518518518518517
NEJM_CPC_02_2026,anthropic/claude-sonnet-4.5,baseline,72,3,39,18,0.041666666666666664,0.5416666666666666,0.2916666666666667
NEJM_CPC_02_2026,anthropic/claude-sonnet-4.5,adversarial,54,1,29,8,0.018518518518518517,0.5370370370370371,0.16666666666666666
NEJM_CPC_02_2026,anthropic/claude-sonnet-4.5,structured,64,3,38,11,0.046875,0.59375,0.21875
NEJM_CPC_02_2026,anthropic/claude-opus-4.5,baseline,44,1,26,7,0.022727272727272728,0.5909090909090909,0.18181818181818182
NEJM_CPC_02_2026,anthropic/claude-opus-4.5,adversarial,52,1,35,9,0.019230769230769232,0.6730769230769231,0.19230769230769232
NEJM_CPC_02_2026,anthropic/claude-opus-4.5,structured,71,1,51,11,0.014084507042253521,0.7183098591549296,0.16901408450704225
NEJM_CPC_02_2026,google/gemini-3-pro-preview,baseline,32,1,17,7,0.03125,0.53125,0.25
NEJM_CPC_02_2026,google/gemini-3-pro-preview,adversarial,64,1,33,20,0.015625,0.515625,0.328125
NEJM_CPC_02_2026,google/gemini-3-pro-preview,structured,56,2,29,14,0.03571428571428571,0.5178571428571429,0.2857142857142857
NEJM_CPC_07_2026,openai/gpt-5.4,baseline,84,0,39,29,0.0,0.4642857142857143,0.34523809523809523
NEJM_CPC_07_2026,openai/gpt-5.4,adversarial,52,0,29,11,0.0,0.5576923076923077,0.21153846153846154
NEJM_CPC_07_2026,openai/gpt-5.4,structured,74,2,45,10,0.02702702702702703,0.6081081081081081,0.16216216216216217
NEJM_CPC_07_2026,openai/gpt-5.2,baseline,61,3,41,17,0.04918032786885246,0.6721311475409836,0.32786885245901637
NEJM_CPC_07_2026,openai/gpt-5.2,adversarial,28,2,19,7,0.07142857142857142,0.6785714285714286,0.32142857142857145
NEJM_CPC_07_2026,openai/gpt-5.2,structured,65,1,46,12,0.015384615384615385,0.7076923076923077,0.2
NEJM_CPC_07_2026,anthropic/claude-sonnet-4.5,baseline,60,0,44,16,0.0,0.7333333333333333,0.26666666666666666
NEJM_CPC_07_2026,anthropic/claude-sonnet-4.5,adversarial,48,2,26,11,0.041666666666666664,0.5416666666666666,0.2708333333333333
NEJM_CPC_07_2026,anthropic/claude-sonnet-4.5,structured,81,2,37,10,0.024691358024691357,0.4567901234567901,0.14814814814814814
NEJM_CPC_07_2026,anthropic/claude-opus-4.5,baseline,38,0,24,7,0.0,0.631578947368421,0.18421052631578946
NEJM_CPC_07_2026,anthropic/claude-opus-4.5,adversarial,40,1,22,8,0.025,0.55,0.225
NEJM_CPC_07_2026,anthropic/claude-opus-4.5,structured,49,2,23,12,0.04081632653061224,0.46938775510204084,0.2857142857142857
NEJM_CPC_07_2026,google/gemini-3-pro-preview,baseline,29,1,20,4,0.034482758620689655,0.6896551724137931,0.1724137931034483
NEJM_CPC_07_2026,google/gemini-3-pro-preview,adversarial,68,2,28,13,0.029411764705882353,0.4117647058823529,0.22058823529411764
NEJM_CPC_07_2026,google/gemini-3-pro-preview,structured,50,2,26,11,0.04,0.52,0.26
NEJM_CPC_05_2026,openai/gpt-5.4,baseline,89,0,54,23,0.0,0.6067415730337079,0.25842696629213485
NEJM_CPC_05_2026,openai/gpt-5.4,adversarial,54,0,25,14,0.0,0.46296296296296297,0.25925925925925924
NEJM_CPC_05_2026,openai/gpt-5.4,structured,75,3,46,16,0.04,0.6133333333333333,0.25333333333333335
NEJM_CPC_05_2026,openai/gpt-5.2,baseline,61,1,38,19,0.01639344262295082,0.6229508196721312,0.32786885245901637
NEJM_CPC_05_2026,openai/gpt-5.2,adversarial,59,1,25,14,0.01694915254237288,0.423728813559322,0.2542372881355932
NEJM_CPC_05_2026,openai/gpt-5.2,structured,53,1,24,13,0.018867924528301886,0.4528301886792453,0.2641509433962264
NEJM_CPC_05_2026,anthropic/claude-sonnet-4.5,baseline,48,0,32,14,0.0,0.6666666666666666,0.2916666666666667
NEJM_CPC_05_2026,anthropic/claude-sonnet-4.5,adversarial,68,1,30,16,0.014705882352941176,0.4411764705882353,0.25
NEJM_CPC_05_2026,anthropic/claude-sonnet-4.5,structured,69,1,45,13,0.014492753623188406,0.6521739130434783,0.2028985507246377
NEJM_CPC_05_2026,anthropic/claude-opus-4.5,baseline,37,2,11,0,0.05405405405405406,0.2972972972972973,0.05405405405405406
NEJM_CPC_05_2026,anthropic/claude-opus-4.5,adversarial,47,1,26,7,0.02127659574468085,0.5531914893617021,0.1702127659574468
NEJM_CPC_05_2026,anthropic/claude-opus-4.5,structured,62,1,32,20,0.016129032258064516,0.5161290322580645,0.3387096774193548
NEJM_CPC_05_2026,google/gemini-3-pro-preview,baseline,42,2,26,8,0.047619047619047616,0.6190476190476191,0.23809523809523808
NEJM_CPC_05_2026,google/gemini-3-pro-preview,adversarial,56,0,31,16,0.0,0.5535714285714286,0.2857142857142857
NEJM_CPC_05_2026,google/gemini-3-pro-preview,structured,85,1,41,21,0.011764705882352941,0.4823529411764706,0.25882352941176473
NEJM_CPC_01_2019,openai/gpt-5.4,baseline,100,2,66,26,0.02,0.66,0.28
NEJM_CPC_01_2019,openai/gpt-5.4,adversarial,75,1,51,15,0.013333333333333334,0.68,0.21333333333333335
NEJM_CPC_01_2019,openai/gpt-5.4,structured,68,3,41,7,0.04411764705882353,0.6029411764705882,0.14705882352941177
NEJM_CPC_01_2019,openai/gpt-5.2,baseline,44,0,34,7,0.0,0.7727272727272727,0.1590909090909091
NEJM_CPC_01_2019,openai/gpt-5.2,adversarial,54,1,40,9,0.018518518518518517,0.7407407407407407,0.18518518518518517
NEJM_CPC_01_2019,openai/gpt-5.2,structured,55,3,36,3,0.05454545454545454,0.6545454545454545,0.10909090909090909
NEJM_CPC_01_2019,anthropic/claude-sonnet-4.5,baseline,49,0,38,8,0.0,0.7755102040816326,0.16326530612244897
NEJM_CPC_01_2019,anthropic/claude-sonnet-4.5,adversarial,70,2,40,4,0.02857142857142857,0.5714285714285714,0.08571428571428572
NEJM_CPC_01_2019,anthropic/claude-sonnet-4.5,structured,70,1,43,14,0.014285714285714285,0.6142857142857143,0.21428571428571427
NEJM_CPC_01_2019,anthropic/claude-opus-4.5,baseline,41,0,36,3,0.0,0.8780487804878049,0.07317073170731707
NEJM_CPC_01_2019,anthropic/claude-opus-4.5,adversarial,56,3,29,7,0.05357142857142857,0.5178571428571429,0.17857142857142858
NEJM_CPC_01_2019,anthropic/claude-opus-4.5,structured,65,3,40,5,0.046153846153846156,0.6153846153846154,0.12307692307692308
NEJM_CPC_01_2019,google/gemini-3-pro-preview,baseline,34,1,22,1,0.029411764705882353,0.6470588235294118,0.058823529411764705
NEJM_CPC_01_2019,google/gemini-3-pro-preview,adversarial,69,2,43,8,0.028985507246376812,0.6231884057971014,0.14492753623188406
NEJM_CPC_01_2019,google/gemini-3-pro-preview,structured,56,1,37,8,0.017857142857142856,0.6607142857142857,0.16071428571428573
NEJM_CPC_05_2019,openai/gpt-5.4,baseline,78,0,39,32,0.0,0.5,0.41025641025641024
NEJM_CPC_05_2019,openai/gpt-5.4,adversarial,66,1,36,22,0.015151515151515152,0.5454545454545454,0.3484848484848485
NEJM_CPC_05_2019,openai/gpt-5.4,structured,70,2,32,24,0.02857142857142857,0.45714285714285713,0.37142857142857144
NEJM_CPC_05_2019,openai/gpt-5.2,baseline,51,0,30,21,0.0,0.5882352941176471,0.4117647058823529
NEJM_CPC_05_2019,openai/gpt-5.2,structured,67,1,47,8,0.014925373134328358,0.7014925373134329,0.13432835820895522
NEJM_CPC_05_2019,anthropic/claude-sonnet-4.5,baseline,79,0,42,15,0.0,0.5316455696202531,0.189873417721519
NEJM_CPC_05_2019,anthropic/claude-sonnet-4.5,adversarial,44,0,23,8,0.0,0.5227272727272727,0.18181818181818182
NEJM_CPC_05_2019,anthropic/claude-sonnet-4.5,structured,63,1,50,6,0.015873015873015872,0.7936507936507936,0.1111111111111111
NEJM_CPC_05_2019,anthropic/claude-opus-4.5,baseline,65,0,45,14,0.0,0.6923076923076923,0.2153846153846154
NEJM_CPC_05_2019,anthropic/claude-opus-4.5,adversarial,67,1,43,17,0.014925373134328358,0.6417910447761194,0.26865671641791045
NEJM_CPC_05_2019,anthropic/claude-opus-4.5,structured,77,1,38,19,0.012987012987012988,0.4935064935064935,0.2597402597402597
NEJM_CPC_05_2019,google/gemini-3-pro-preview,baseline,40,1,20,12,0.025,0.5,0.325
NEJM_CPC_05_2019,google/gemini-3-pro-preview,structured,91,1,66,6,0.01098901098901099,0.7252747252747253,0.07692307692307693
NEJM_CPC_08_2019,openai/gpt-5.4,baseline,99,9,44,19,0.09090909090909091,0.4444444444444444,0.2828282828282828
NEJM_CPC_08_2019,openai/gpt-5.4,adversarial,51,1,35,12,0.0196078431372549,0.6862745098039216,0.2549019607843137
NEJM_CPC_08_2019,openai/gpt-5.4,structured,81,0,39,26,0.0,0.48148148148148145,0.32098765432098764
NEJM_CPC_08_2019,openai/gpt-5.2,baseline,79,0,58,18,0.0,0.7341772151898734,0.22784810126582278
NEJM_CPC_08_2019,openai/gpt-5.2,adversarial,62,2,44,9,0.03225806451612903,0.7096774193548387,0.1774193548387097
NEJM_CPC_08_2019,openai/gpt-5.2,structured,49,1,31,14,0.02040816326530612,0.6326530612244898,0.30612244897959184
NEJM_CPC_08_2019,anthropic/claude-sonnet-4.5,baseline,42,3,30,4,0.07142857142857142,0.7142857142857143,0.16666666666666666
NEJM_CPC_08_2019,anthropic/claude-sonnet-4.5,adversarial,74,0,41,21,0.0,0.5540540540540541,0.28378378378378377
NEJM_CPC_08_2019,anthropic/claude-sonnet-4.5,structured,89,3,63,12,0.033707865168539325,0.7078651685393258,0.16853932584269662
NEJM_CPC_08_2019,anthropic/claude-opus-4.5,baseline,32,0,20,9,0.0,0.625,0.28125
NEJM_CPC_08_2019,anthropic/claude-opus-4.5,adversarial,48,1,25,6,0.020833333333333332,0.5208333333333334,0.14583333333333334
NEJM_CPC_08_2019,anthropic/claude-opus-4.5,structured,54,1,32,17,0.018518518518518517,0.5925925925925926,0.3333333333333333
NEJM_CPC_08_2019,google/gemini-3-pro-preview,baseline,63,2,31,12,0.031746031746031744,0.49206349206349204,0.2222222222222222
NEJM_CPC_08_2019,google/gemini-3-pro-preview,adversarial,45,1,26,12,0.022222222222222223,0.5777777777777777,0.28888888888888886
NEJM_CPC_08_2019,google/gemini-3-pro-preview,structured,42,2,20,11,0.047619047619047616,0.47619047619047616,0.30952380952380953
NEJM_CPC_10_2019,openai/gpt-5.4,baseline,108,1,59,46,0.009259259259259259,0.5462962962962963,0.4351851851851852
NEJM_CPC_10_2019,openai/gpt-5.4,adversarial,45,1,26,15,0.022222222222222223,0.5777777777777777,0.35555555555555557
NEJM_CPC_10_2019,openai/gpt-5.4,structured,84,3,32,19,0.03571428571428571,0.38095238095238093,0.2619047619047619
NEJM_CPC_10_2019,openai/gpt-5.2,baseline,49,2,24,17,0.04081632653061224,0.4897959183673469,0.3877551020408163
NEJM_CPC_10_2019,openai/gpt-5.2,adversarial,72,2,30,18,0.027777777777777776,0.4166666666666667,0.2777777777777778
NEJM_CPC_10_2019,openai/gpt-5.2,structured,60,3,32,14,0.05,0.5333333333333333,0.2833333333333333
NEJM_CPC_10_2019,anthropic/claude-sonnet-4.5,baseline,57,1,34,17,0.017543859649122806,0.5964912280701754,0.3157894736842105
NEJM_CPC_10_2019,anthropic/claude-sonnet-4.5,adversarial,65,2,31,11,0.03076923076923077,0.47692307692307695,0.2
NEJM_CPC_10_2019,anthropic/claude-sonnet-4.5,structured,73,4,28,11,0.0547945205479452,0.3835616438356164,0.2054794520547945
NEJM_CPC_10_2019,anthropic/claude-opus-4.5,baseline,37,1,22,6,0.02702702702702703,0.5945945945945946,0.1891891891891892
NEJM_CPC_10_2019,anthropic/claude-opus-4.5,adversarial,48,1,24,15,0.020833333333333332,0.5,0.3333333333333333
NEJM_CPC_10_2019,anthropic/claude-opus-4.5,structured,60,1,34,18,0.016666666666666666,0.5666666666666667,0.31666666666666665
NEJM_CPC_10_2019,google/gemini-3-pro-preview,baseline,37,0,24,10,0.0,0.6486486486486487,0.2702702702702703
NEJM_CPC_10_2019,google/gemini-3-pro-preview,adversarial,85,3,45,19,0.03529411764705882,0.5294117647058824,0.25882352941176473
NEJM_CPC_10_2019,google/gemini-3-pro-preview,structured,40,1,21,8,0.025,0.525,0.225
NEJM_CPC_15_2019,openai/gpt-5.4,baseline,100,2,48,30,0.02,0.48,0.32
NEJM_CPC_15_2019,openai/gpt-5.4,adversarial,61,2,38,14,0.03278688524590164,0.6229508196721312,0.26229508196721313
NEJM_CPC_15_2019,openai/gpt-5.4,structured,57,3,41,12,0.05263157894736842,0.7192982456140351,0.2631578947368421
NEJM_CPC_15_2019,openai/gpt-5.2,baseline,47,1,23,12,0.02127659574468085,0.48936170212765956,0.2765957446808511
NEJM_CPC_15_2019,openai/gpt-5.2,adversarial,43,2,20,8,0.046511627906976744,0.46511627906976744,0.23255813953488372
NEJM_CPC_15_2019,openai/gpt-5.2,structured,47,1,22,7,0.02127659574468085,0.46808510638297873,0.1702127659574468
NEJM_CPC_15_2019,anthropic/claude-sonnet-4.5,baseline,45,3,23,10,0.06666666666666667,0.5111111111111111,0.28888888888888886
NEJM_CPC_15_2019,anthropic/claude-sonnet-4.5,adversarial,69,1,29,17,0.014492753623188406,0.42028985507246375,0.2608695652173913
NEJM_CPC_15_2019,anthropic/claude-sonnet-4.5,structured,76,0,34,9,0.0,0.4473684210526316,0.11842105263157894
NEJM_CPC_15_2019,anthropic/claude-opus-4.5,baseline,24,1,14,3,0.041666666666666664,0.5833333333333334,0.16666666666666666
NEJM_CPC_15_2019,anthropic/claude-opus-4.5,adversarial,53,1,28,10,0.018867924528301886,0.5283018867924528,0.20754716981132076
NEJM_CPC_15_2019,anthropic/claude-opus-4.5,structured,67,1,33,8,0.014925373134328358,0.4925373134328358,0.13432835820895522
NEJM_CPC_15_2019,google/gemini-3-pro-preview,baseline,34,2,20,6,0.058823529411764705,0.5882352941176471,0.23529411764705882
NEJM_CPC_15_2019,google/gemini-3-pro-preview,adversarial,66,3,35,9,0.045454545454545456,0.5303030303030303,0.18181818181818182
NEJM_CPC_17_2019,openai/gpt-5.4,baseline,106,2,61,34,0.018867924528301886,0.5754716981132075,0.33962264150943394
NEJM_CPC_17_2019,openai/gpt-5.4,adversarial,77,0,45,21,0.0,0.5844155844155844,0.2727272727272727
NEJM_CPC_17_2019,openai/gpt-5.4,structured,93,3,45,38,0.03225806451612903,0.4838709677419355,0.44086021505376344
NEJM_CPC_17_2019,openai/gpt-5.2,baseline,99,4,66,19,0.04040404040404041,0.6666666666666666,0.23232323232323232
NEJM_CPC_17_2019,openai/gpt-5.2,adversarial,56,0,36,5,0.0,0.6428571428571429,0.08928571428571429
NEJM_CPC_17_2019,openai/gpt-5.2,structured,46,3,21,9,0.06521739130434782,0.45652173913043476,0.2608695652173913
NEJM_CPC_17_2019,anthropic/claude-sonnet-4.5,baseline,59,1,39,17,0.01694915254237288,0.6610169491525424,0.3050847457627119
NEJM_CPC_17_2019,anthropic/claude-sonnet-4.5,adversarial,60,3,29,11,0.05,0.48333333333333334,0.23333333333333334
NEJM_CPC_17_2019,anthropic/claude-sonnet-4.5,structured,100,1,68,18,0.01,0.68,0.19
NEJM_CPC_17_2019,anthropic/claude-opus-4.5,baseline,41,0,31,4,0.0,0.7560975609756098,0.0975609756097561
NEJM_CPC_17_2019,anthropic/claude-opus-4.5,adversarial,57,1,39,14,0.017543859649122806,0.6842105263157895,0.2631578947368421
NEJM_CPC_17_2019,anthropic/claude-opus-4.5,structured,80,1,52,12,0.0125,0.65,0.1625
NEJM_CPC_17_2019,google/gemini-3-pro-preview,baseline,47,0,36,4,0.0,0.7659574468085106,0.0851063829787234
NEJM_CPC_17_2019,google/gemini-3-pro-preview,structured,71,2,45,8,0.028169014084507043,0.6338028169014085,0.14084507042253522
NEJM_CPC_39_1993,openai/gpt-5.4,baseline,64,0,48,16,0.0,0.75,0.25
NEJM_CPC_39_1993,openai/gpt-5.4,adversarial,52,1,32,13,0.019230769230769232,0.6153846153846154,0.2692307692307692
NEJM_CPC_39_1993,openai/gpt-5.4,structured,65,3,40,7,0.046153846153846156,0.6153846153846154,0.15384615384615385
NEJM_CPC_39_1993,openai/gpt-5.2,baseline,45,0,33,12,0.0,0.7333333333333333,0.26666666666666666
NEJM_CPC_39_1993,openai/gpt-5.2,adversarial,51,1,32,6,0.0196078431372549,0.6274509803921569,0.13725490196078433
NEJM_CPC_39_1993,openai/gpt-5.2,structured,50,3,23,3,0.06,0.46,0.12
NEJM_CPC_39_1993,anthropic/claude-sonnet-4.5,baseline,38,1,22,13,0.02631578947368421,0.5789473684210527,0.3684210526315789
NEJM_CPC_39_1993,anthropic/claude-sonnet-4.5,adversarial,56,1,34,11,0.017857142857142856,0.6071428571428571,0.21428571428571427
NEJM_CPC_39_1993,anthropic/claude-sonnet-4.5,structured,62,3,31,10,0.04838709677419355,0.5,0.20967741935483872
NEJM_CPC_39_1993,anthropic/claude-opus-4.5,baseline,30,0,22,5,0.0,0.7333333333333333,0.16666666666666666
NEJM_CPC_39_1993,anthropic/claude-opus-4.5,adversarial,46,2,26,4,0.043478260869565216,0.5652173913043478,0.13043478260869565
NEJM_CPC_39_1993,anthropic/claude-opus-4.5,structured,48,0,29,11,0.0,0.6041666666666666,0.22916666666666666
NEJM_CPC_39_1993,google/gemini-3-pro-preview,baseline,51,1,37,11,0.0196078431372549,0.7254901960784313,0.23529411764705882
NEJM_CPC_39_1993,google/gemini-3-pro-preview,adversarial,55,1,40,6,0.01818181818181818,0.7272727272727273,0.12727272727272726
NEJM_CPC_39_1993,google/gemini-3-pro-preview,structured,44,1,33,1,0.022727272727272728,0.75,0.045454545454545456
NEJM_CPC_11_2015,openai/gpt-5.4,baseline,96,1,61,24,0.010416666666666666,0.6354166666666666,0.2604166666666667
NEJM_CPC_11_2015,openai/gpt-5.4,adversarial,56,1,19,15,0.017857142857142856,0.3392857142857143,0.2857142857142857
NEJM_CPC_11_2015,openai/gpt-5.4,structured,55,4,30,10,0.07272727272727272,0.5454545454545454,0.2545454545454545
NEJM_CPC_11_2015,openai/gpt-5.2,baseline,72,2,46,11,0.027777777777777776,0.6388888888888888,0.18055555555555555
NEJM_CPC_11_2015,openai/gpt-5.2,adversarial,41,1,18,16,0.024390243902439025,0.43902439024390244,0.4146341463414634
NEJM_CPC_11_2015,openai/gpt-5.2,structured,55,2,26,11,0.03636363636363636,0.4727272727272727,0.23636363636363636
NEJM_CPC_11_2015,anthropic/claude-sonnet-4.5,baseline,48,3,25,5,0.0625,0.5208333333333334,0.16666666666666666
NEJM_CPC_11_2015,anthropic/claude-sonnet-4.5,adversarial,50,1,31,6,0.02,0.62,0.14
NEJM_CPC_11_2015,anthropic/claude-sonnet-4.5,structured,87,2,56,18,0.022988505747126436,0.6436781609195402,0.22988505747126436
NEJM_CPC_11_2015,anthropic/claude-opus-4.5,baseline,27,3,10,5,0.1111111111111111,0.37037037037037035,0.2962962962962963
NEJM_CPC_11_2015,anthropic/claude-opus-4.5,adversarial,49,2,18,12,0.04081632653061224,0.3673469387755102,0.2857142857142857
NEJM_CPC_11_2015,anthropic/claude-opus-4.5,structured,61,1,29,12,0.01639344262295082,0.47540983606557374,0.21311475409836064
NEJM_CPC_11_2015,google/gemini-3-pro-preview,baseline,35,1,19,8,0.02857142857142857,0.5428571428571428,0.2571428571428571
NEJM_CPC_11_2015,google/gemini-3-pro-preview,adversarial,53,2,27,12,0.03773584905660377,0.5094339622641509,0.2641509433962264
NEJM_CPC_11_2015,google/gemini-3-pro-preview,structured,58,2,23,7,0.034482758620689655,0.39655172413793105,0.15517241379310345
NEJM_CPC_29_2014,openai/gpt-5.4,baseline,75,3,54,14,0.04,0.72,0.22666666666666666
NEJM_CPC_29_2014,openai/gpt-5.4,adversarial,53,0,26,18,0.0,0.49056603773584906,0.33962264150943394
NEJM_CPC_29_2014,openai/gpt-5.4,structured,64,2,38,14,0.03125,0.59375,0.25
NEJM_CPC_29_2014,openai/gpt-5.2,baseline,47,0,27,20,0.0,0.574468085106383,0.425531914893617
NEJM_CPC_29_2014,openai/gpt-5.2,adversarial,42,2,21,11,0.047619047619047616,0.5,0.30952380952380953
NEJM_CPC_29_2014,openai/gpt-5.2,structured,66,7,23,18,0.10606060606060606,0.3484848484848485,0.3787878787878788
NEJM_CPC_29_2014,anthropic/claude-sonnet-4.5,baseline,36,0,23,13,0.0,0.6388888888888888,0.3611111111111111
NEJM_CPC_29_2014,anthropic/claude-sonnet-4.5,adversarial,51,2,32,11,0.0392156862745098,0.6274509803921569,0.2549019607843137
NEJM_CPC_29_2014,anthropic/claude-sonnet-4.5,structured,56,3,22,19,0.05357142857142857,0.39285714285714285,0.39285714285714285
NEJM_CPC_29_2014,anthropic/claude-opus-4.5,baseline,35,1,25,7,0.02857142857142857,0.7142857142857143,0.22857142857142856
NEJM_CPC_29_2014,anthropic/claude-opus-4.5,adversarial,45,1,31,7,0.022222222222222223,0.6888888888888889,0.17777777777777778
NEJM_CPC_29_2014,anthropic/claude-opus-4.5,structured,45,0,33,11,0.0,0.7333333333333333,0.24444444444444444
NEJM_CPC_29_2014,google/gemini-3-pro-preview,baseline,22,0,15,7,0.0,0.6818181818181818,0.3181818181818182
NEJM_CPC_29_2014,google/gemini-3-pro-preview,adversarial,40,0,28,10,0.0,0.7,0.25
NEJM_CPC_29_2014,google/gemini-3-pro-preview,structured,57,2,33,14,0.03508771929824561,0.5789473684210527,0.2807017543859649
NEJM_CPC_36_2013,openai/gpt-5.4,baseline,106,2,49,33,0.018867924528301886,0.46226415094339623,0.330188679245283
NEJM_CPC_36_2013,openai/gpt-5.4,adversarial,67,1,47,11,0.014925373134328358,0.7014925373134329,0.1791044776119403
NEJM_CPC_36_2013,openai/gpt-5.4,structured,95,1,55,25,0.010526315789473684,0.5789473684210527,0.2736842105263158
NEJM_CPC_36_2013,openai/gpt-5.2,baseline,81,1,38,24,0.012345679012345678,0.4691358024691358,0.30864197530864196
NEJM_CPC_36_2013,openai/gpt-5.2,adversarial,66,2,37,11,0.030303030303030304,0.5606060606060606,0.19696969696969696
NEJM_CPC_36_2013,openai/gpt-5.2,structured,68,2,40,21,0.029411764705882353,0.5882352941176471,0.3382352941176471
NEJM_CPC_36_2013,anthropic/claude-sonnet-4.5,baseline,50,3,34,10,0.06,0.68,0.26
NEJM_CPC_36_2013,anthropic/claude-sonnet-4.5,adversarial,64,0,41,14,0.0,0.640625,0.21875
NEJM_CPC_36_2013,anthropic/claude-sonnet-4.5,structured,84,8,35,19,0.09523809523809523,0.4166666666666667,0.32142857142857145
NEJM_CPC_36_2013,anthropic/claude-opus-4.5,baseline,46,0,26,7,0.0,0.5652173913043478,0.15217391304347827
NEJM_CPC_36_2013,anthropic/claude-opus-4.5,adversarial,47,0,37,3,0.0,0.7872340425531915,0.06382978723404255
NEJM_CPC_36_2013,anthropic/claude-opus-4.5,structured,81,1,52,8,0.012345679012345678,0.6419753086419753,0.1111111111111111
NEJM_CPC_36_2013,google/gemini-3-pro-preview,baseline,48,1,24,15,0.020833333333333332,0.5,0.3333333333333333
NEJM_CPC_36_2013,google/gemini-3-pro-preview,adversarial,66,1,37,15,0.015151515151515152,0.5606060606060606,0.24242424242424243
NEJM_CPC_36_2013,google/gemini-3-pro-preview,structured,43,1,24,13,0.023255813953488372,0.5581395348837209,0.32558139534883723
NEJM_CPC_23_2013,openai/gpt-5.4,baseline,120,2,90,25,0.016666666666666666,0.75,0.225
NEJM_CPC_23_2013,openai/gpt-5.4,adversarial,93,2,59,20,0.021505376344086023,0.6344086021505376,0.23655913978494625
NEJM_CPC_23_2013,openai/gpt-5.4,structured,68,0,36,16,0.0,0.5294117647058824,0.23529411764705882
NEJM_CPC_23_2013,openai/gpt-5.2,adversarial,48,0,43,5,0.0,0.8958333333333334,0.10416666666666667
NEJM_CPC_23_2013,openai/gpt-5.2,structured,58,1,38,11,0.017241379310344827,0.6551724137931034,0.20689655172413793
NEJM_CPC_23_2013,anthropic/claude-sonnet-4.5,baseline,54,0,43,11,0.0,0.7962962962962963,0.2037037037037037
NEJM_CPC_23_2013,anthropic/claude-sonnet-4.5,structured,64,2,37,14,0.03125,0.578125,0.25
NEJM_CPC_23_2013,anthropic/claude-opus-4.5,baseline,40,2,33,1,0.05,0.825,0.075
NEJM_CPC_23_2013,anthropic/claude-opus-4.5,adversarial,46,0,30,7,0.0,0.6521739130434783,0.15217391304347827
NEJM_CPC_23_2013,anthropic/claude-opus-4.5,structured,65,1,39,13,0.015384615384615385,0.6,0.2153846153846154
NEJM_CPC_23_2013,google/gemini-3-pro-preview,baseline,51,1,35,10,0.0196078431372549,0.6862745098039216,0.21568627450980393
NEJM_CPC_23_2013,google/gemini-3-pro-preview,adversarial,55,2,34,10,0.03636363636363636,0.6181818181818182,0.21818181818181817
NEJM_CPC_23_2013,google/gemini-3-pro-preview,structured,76,1,51,13,0.013157894736842105,0.6710526315789473,0.18421052631578946
NEJM_CPC_20_2013,openai/gpt-5.4,baseline,105,0,63,38,0.0,0.6,0.3619047619047619
NEJM_CPC_20_2013,openai/gpt-5.4,adversarial,64,1,29,22,0.015625,0.453125,0.359375
NEJM_CPC_20_2013,openai/gpt-5.4,structured,61,5,32,19,0.08196721311475409,0.5245901639344263,0.39344262295081966
NEJM_CPC_20_2013,openai/gpt-5.2,baseline,75,0,34,27,0.0,0.4533333333333333,0.36
NEJM_CPC_20_2013,openai/gpt-5.2,adversarial,43,0,32,9,0.0,0.7441860465116279,0.20930232558139536
NEJM_CPC_20_2013,openai/gpt-5.2,structured,79,0,39,22,0.0,0.4936708860759494,0.27848101265822783
NEJM_CPC_20_2013,anthropic/claude-sonnet-4.5,baseline,59,0,45,13,0.0,0.7627118644067796,0.22033898305084745
NEJM_CPC_20_2013,anthropic/claude-sonnet-4.5,adversarial,56,1,30,6,0.017857142857142856,0.5357142857142857,0.125
NEJM_CPC_20_2013,anthropic/claude-sonnet-4.5,structured,56,2,25,12,0.03571428571428571,0.44642857142857145,0.25
NEJM_CPC_20_2013,anthropic/claude-opus-4.5,baseline,59,2,33,12,0.03389830508474576,0.559322033898305,0.23728813559322035
NEJM_CPC_20_2013,anthropic/claude-opus-4.5,structured,68,1,40,17,0.014705882352941176,0.5882352941176471,0.2647058823529412
NEJM_CPC_20_2013,google/gemini-3-pro-preview,adversarial,42,0,29,13,0.0,0.6904761904761905,0.30952380952380953
NEJM_CPC_20_2013,google/gemini-3-pro-preview,structured,56,1,28,9,0.017857142857142856,0.5,0.17857142857142858
NEJM_CPC_39_2010,openai/gpt-5.4,structured,57,1,31,14,0.017543859649122806,0.543859649122807,0.2631578947368421
NEJM_CPC_39_2010,openai/gpt-5.2,baseline,71,0,53,16,0.0,0.7464788732394366,0.22535211267605634
NEJM_CPC_39_2010,openai/gpt-5.2,adversarial,50,2,22,16,0.04,0.44,0.36
NEJM_CPC_39_2010,openai/gpt-5.2,structured,50,3,29,8,0.06,0.58,0.22
NEJM_CPC_39_2010,anthropic/claude-sonnet-4.5,adversarial,77,2,35,20,0.025974025974025976,0.45454545454545453,0.2857142857142857
NEJM_CPC_39_2010,anthropic/claude-opus-4.5,baseline,30,0,19,10,0.0,0.6333333333333333,0.3333333333333333
NEJM_CPC_39_2010,anthropic/claude-opus-4.5,structured,62,1,40,15,0.016129032258064516,0.6451612903225806,0.25806451612903225
NEJM_CPC_39_2010,google/gemini-3-pro-preview,baseline,30,1,10,8,0.03333333333333333,0.3333333333333333,0.3
NEJM_CPC_28_2010,openai/gpt-5.4,adversarial,42,1,26,10,0.023809523809523808,0.6190476190476191,0.2619047619047619
NEJM_CPC_28_2010,openai/gpt-5.4,structured,48,2,24,5,0.041666666666666664,0.5,0.14583333333333334
NEJM_CPC_28_2010,openai/gpt-5.2,baseline,47,2,25,9,0.0425531914893617,0.5319148936170213,0.23404255319148937
NEJM_CPC_28_2010,anthropic/claude-sonnet-4.5,structured,40,1,27,6,0.025,0.675,0.175
NEJM_CPC_28_2010,anthropic/claude-opus-4.5,baseline,36,0,30,5,0.0,0.8333333333333334,0.1388888888888889
NEJM_CPC_28_2010,anthropic/claude-opus-4.5,adversarial,35,2,17,7,0.05714285714285714,0.4857142857142857,0.2571428571428571
NEJM_CPC_28_2010,google/gemini-3-pro-preview,adversarial,50,1,30,10,0.02,0.6,0.22
NEJM_CPC_28_2010,google/gemini-3-pro-preview,structured,52,3,22,12,0.057692307692307696,0.4230769230769231,0.28846153846153844
NEJM_CPC_02_2009,openai/gpt-5.4,baseline,118,8,74,17,0.06779661016949153,0.6271186440677966,0.211864406779661
NEJM_CPC_02_2009,openai/gpt-5.4,adversarial,76,0,51,9,0.0,0.6710526315789473,0.11842105263157894
NEJM_CPC_02_2009,openai/gpt-5.4,structured,65,2,41,7,0.03076923076923077,0.6307692307692307,0.13846153846153847
NEJM_CPC_02_2009,openai/gpt-5.2,baseline,51,3,29,15,0.058823529411764705,0.5686274509803921,0.35294117647058826
NEJM_CPC_02_2009,openai/gpt-5.2,adversarial,56,1,41,2,0.017857142857142856,0.7321428571428571,0.05357142857142857
NEJM_CPC_02_2009,openai/gpt-5.2,structured,41,1,31,4,0.024390243902439025,0.7560975609756098,0.12195121951219512
NEJM_CPC_02_2009,anthropic/claude-sonnet-4.5,baseline,66,0,49,17,0.0,0.7424242424242424,0.25757575757575757
NEJM_CPC_02_2009,anthropic/claude-sonnet-4.5,adversarial,66,3,35,10,0.045454545454545456,0.5303030303030303,0.19696969696969696
NEJM_CPC_02_2009,anthropic/claude-sonnet-4.5,structured,85,1,54,15,0.011764705882352941,0.6352941176470588,0.18823529411764706
NEJM_CPC_02_2009,anthropic/claude-opus-4.5,baseline,50,2,38,8,0.04,0.76,0.2
NEJM_CPC_02_2009,anthropic/claude-opus-4.5,adversarial,44,2,31,2,0.045454545454545456,0.7045454545454546,0.09090909090909091
NEJM_CPC_02_2009,anthropic/claude-opus-4.5,structured,64,2,42,13,0.03125,0.65625,0.234375
NEJM_CPC_02_2009,google/gemini-3-pro-preview,adversarial,48,1,25,6,0.020833333333333332,0.5208333333333334,0.14583333333333334
NEJM_CPC_26_2005,openai/gpt-5.4,baseline,64,1,38,21,0.015625,0.59375,0.34375
NEJM_CPC_26_2005,openai/gpt-5.4,structured,63,1,26,18,0.015873015873015872,0.4126984126984127,0.30158730158730157
NEJM_CPC_26_2005,openai/gpt-5.2,baseline,60,1,32,24,0.016666666666666666,0.5333333333333333,0.4166666666666667
NEJM_CPC_26_2005,openai/gpt-5.2,structured,50,1,27,11,0.02,0.54,0.24
NEJM_CPC_26_2005,anthropic/claude-sonnet-4.5,baseline,58,0,36,17,0.0,0.6206896551724138,0.29310344827586204
NEJM_CPC_26_2005,anthropic/claude-sonnet-4.5,adversarial,62,1,39,14,0.016129032258064516,0.6290322580645161,0.24193548387096775
NEJM_CPC_26_2005,anthropic/claude-sonnet-4.5,structured,68,2,41,7,0.029411764705882353,0.6029411764705882,0.1323529411764706
NEJM_CPC_26_2005,anthropic/claude-opus-4.5,baseline,36,1,22,11,0.027777777777777776,0.6111111111111112,0.3333333333333333
NEJM_CPC_26_2005,anthropic/claude-opus-4.5,adversarial,44,2,29,8,0.045454545454545456,0.6590909090909091,0.22727272727272727
NEJM_CPC_26_2005,anthropic/claude-opus-4.5,structured,54,1,25,6,0.018518518518518517,0.46296296296296297,0.12962962962962962
NEJM_CPC_26_2005,google/gemini-3-pro-preview,adversarial,45,2,22,18,0.044444444444444446,0.4888888888888889,0.4444444444444444
NEJM_CPC_29_2003,openai/gpt-5.4,baseline,127,1,73,43,0.007874015748031496,0.5748031496062992,0.3464566929133858
NEJM_CPC_29_2003,openai/gpt-5.4,adversarial,88,2,56,17,0.022727272727272728,0.6363636363636364,0.2159090909090909
NEJM_CPC_29_2003,openai/gpt-5.4,structured,89,3,42,16,0.033707865168539325,0.47191011235955055,0.21348314606741572
NEJM_CPC_29_2003,openai/gpt-5.2,baseline,49,1,33,14,0.02040816326530612,0.673469387755102,0.30612244897959184
NEJM_CPC_29_2003,openai/gpt-5.2,adversarial,57,0,29,13,0.0,0.5087719298245614,0.22807017543859648
NEJM_CPC_29_2003,openai/gpt-5.2,structured,78,1,49,17,0.01282051282051282,0.6282051282051282,0.23076923076923078
NEJM_CPC_29_2003,anthropic/claude-sonnet-4.5,baseline,48,6,24,12,0.125,0.5,0.375
NEJM_CPC_29_2003,anthropic/claude-sonnet-4.5,adversarial,49,2,26,9,0.04081632653061224,0.5306122448979592,0.22448979591836735
NEJM_CPC_29_2003,anthropic/claude-sonnet-4.5,structured,67,2,32,14,0.029850746268656716,0.47761194029850745,0.23880597014925373
NEJM_CPC_29_2003,anthropic/claude-opus-4.5,baseline,41,1,29,6,0.024390243902439025,0.7073170731707317,0.17073170731707318
NEJM_CPC_29_2003,anthropic/claude-opus-4.5,adversarial,47,1,25,12,0.02127659574468085,0.5319148936170213,0.2765957446808511
NEJM_CPC_29_2003,anthropic/claude-opus-4.5,structured,77,2,41,13,0.025974025974025976,0.5324675324675324,0.19480519480519481
NEJM_CPC_29_2003,google/gemini-3-pro-preview,baseline,71,2,47,11,0.028169014084507043,0.6619718309859155,0.18309859154929578
NEJM_CPC_38_2003,openai/gpt-5.4,baseline,96,2,61,20,0.020833333333333332,0.6354166666666666,0.22916666666666666
NEJM_CPC_38_2003,openai/gpt-5.4,adversarial,60,2,30,9,0.03333333333333333,0.5,0.18333333333333332
NEJM_CPC_38_2003,openai/gpt-5.4,structured,66,5,31,23,0.07575757575757576,0.4696969696969697,0.42424242424242425
NEJM_CPC_38_2003,openai/gpt-5.2,baseline,60,0,39,16,0.0,0.65,0.26666666666666666
NEJM_CPC_38_2003,openai/gpt-5.2,adversarial,42,1,27,8,0.023809523809523808,0.6428571428571429,0.21428571428571427
NEJM_CPC_38_2003,openai/gpt-5.2,structured,44,2,26,11,0.045454545454545456,0.5909090909090909,0.29545454545454547
NEJM_CPC_38_2003,anthropic/claude-sonnet-4.5,baseline,59,0,37,22,0.0,0.6271186440677966,0.3728813559322034
NEJM_CPC_38_2003,anthropic/claude-sonnet-4.5,adversarial,54,1,34,7,0.018518518518518517,0.6296296296296297,0.14814814814814814
NEJM_CPC_38_2003,anthropic/claude-sonnet-4.5,structured,63,4,42,7,0.06349206349206349,0.6666666666666666,0.1746031746031746
NEJM_CPC_38_2003,anthropic/claude-opus-4.5,baseline,41,0,26,7,0.0,0.6341463414634146,0.17073170731707318
NEJM_CPC_38_2003,anthropic/claude-opus-4.5,adversarial,44,1,32,3,0.022727272727272728,0.7272727272727273,0.09090909090909091
NEJM_CPC_38_2003,anthropic/claude-opus-4.5,structured,61,1,34,11,0.01639344262295082,0.5573770491803278,0.19672131147540983
NEJM_CPC_38_2003,google/gemini-3-pro-preview,baseline,26,2,15,6,0.07692307692307693,0.5769230769230769,0.3076923076923077
NEJM_CPC_12_2004,openai/gpt-5.4,baseline,74,2,43,28,0.02702702702702703,0.581081081081081,0.40540540540540543
NEJM_CPC_12_2004,openai/gpt-5.4,adversarial,66,0,38,18,0.0,0.5757575757575758,0.2727272727272727
NEJM_CPC_12_2004,openai/gpt-5.4,structured,76,1,47,19,0.013157894736842105,0.618421052631579,0.2631578947368421
NEJM_CPC_12_2004,openai/gpt-5.2,baseline,50,3,28,10,0.06,0.56,0.26
NEJM_CPC_12_2004,openai/gpt-5.2,adversarial,58,2,37,9,0.034482758620689655,0.6379310344827587,0.1896551724137931
NEJM_CPC_12_2004,openai/gpt-5.2,structured,47,1,25,12,0.02127659574468085,0.5319148936170213,0.2765957446808511
NEJM_CPC_12_2004,anthropic/claude-sonnet-4.5,baseline,53,2,34,10,0.03773584905660377,0.6415094339622641,0.22641509433962265
NEJM_CPC_12_2004,anthropic/claude-sonnet-4.5,adversarial,52,1,30,11,0.019230769230769232,0.5769230769230769,0.23076923076923078
NEJM_CPC_12_2004,anthropic/claude-sonnet-4.5,structured,54,1,33,11,0.018518518518518517,0.6111111111111112,0.2222222222222222
NEJM_CPC_12_2004,anthropic/claude-opus-4.5,baseline,41,1,30,7,0.024390243902439025,0.7317073170731707,0.1951219512195122
NEJM_CPC_12_2004,anthropic/claude-opus-4.5,adversarial,53,0,42,5,0.0,0.7924528301886793,0.09433962264150944
NEJM_CPC_12_2004,anthropic/claude-opus-4.5,structured,72,1,47,18,0.013888888888888888,0.6527777777777778,0.2638888888888889
NEJM_CPC_17_2004,openai/gpt-5.4,baseline,67,0,41,26,0.0,0.6119402985074627,0.3880597014925373
NEJM_CPC_17_2004,openai/gpt-5.4,adversarial,72,1,38,21,0.013888888888888888,0.5277777777777778,0.3055555555555556
NEJM_CPC_17_2004,openai/gpt-5.4,structured,58,3,40,10,0.05172413793103448,0.6896551724137931,0.22413793103448276
NEJM_CPC_17_2004,openai/gpt-5.2,baseline,61,0,33,28,0.0,0.5409836065573771,0.45901639344262296
NEJM_CPC_17_2004,openai/gpt-5.2,adversarial,50,2,23,15,0.04,0.46,0.34
NEJM_CPC_17_2004,openai/gpt-5.2,structured,66,3,31,20,0.045454545454545456,0.4696969696969697,0.3484848484848485
NEJM_CPC_17_2004,anthropic/claude-sonnet-4.5,baseline,44,0,25,19,0.0,0.5681818181818182,0.4318181818181818
NEJM_CPC_17_2004,anthropic/claude-sonnet-4.5,adversarial,58,2,28,15,0.034482758620689655,0.4827586206896552,0.29310344827586204
NEJM_CPC_17_2004,anthropic/claude-sonnet-4.5,structured,57,2,26,19,0.03508771929824561,0.45614035087719296,0.3684210526315789
NEJM_CPC_17_2004,anthropic/claude-opus-4.5,baseline,32,0,22,9,0.0,0.6875,0.28125
NEJM_CPC_17_2004,anthropic/claude-opus-4.5,adversarial,59,0,33,10,0.0,0.559322033898305,0.1694915254237288
NEJM_CPC_17_2004,anthropic/claude-opus-4.5,structured,65,1,42,15,0.015384615384615385,0.6461538461538462,0.24615384615384617
NEJM_CPC_04_2012,openai/gpt-5.4,baseline,98,4,50,38,0.04081632653061224,0.5102040816326531,0.42857142857142855
NEJM_CPC_04_2012,openai/gpt-5.4,adversarial,52,1,33,15,0.019230769230769232,0.6346153846153846,0.3076923076923077
NEJM_CPC_04_2012,openai/gpt-5.4,structured,79,3,33,28,0.0379746835443038,0.4177215189873418,0.3924050632911392
NEJM_CPC_04_2012,openai/gpt-5.2,baseline,52,1,30,17,0.019230769230769232,0.5769230769230769,0.34615384615384615
NEJM_CPC_04_2012,openai/gpt-5.2,adversarial,45,1,18,16,0.022222222222222223,0.4,0.37777777777777777
NEJM_CPC_04_2012,openai/gpt-5.2,structured,57,2,38,8,0.03508771929824561,0.6666666666666666,0.17543859649122806
NEJM_CPC_04_2012,anthropic/claude-sonnet-4.5,baseline,55,2,31,14,0.03636363636363636,0.5636363636363636,0.2909090909090909
NEJM_CPC_04_2012,anthropic/claude-sonnet-4.5,adversarial,55,1,32,9,0.01818181818181818,0.5818181818181818,0.18181818181818182
NEJM_CPC_04_2012,anthropic/claude-sonnet-4.5,structured,77,2,44,16,0.025974025974025976,0.5714285714285714,0.23376623376623376
NEJM_CPC_04_2012,anthropic/claude-opus-4.5,baseline,43,0,32,9,0.0,0.7441860465116279,0.20930232558139536
NEJM_CPC_04_2012,anthropic/claude-opus-4.5,adversarial,54,0,38,10,0.0,0.7037037037037037,0.18518518518518517
NEJM_CPC_04_2012,anthropic/claude-opus-4.5,structured,68,1,41,16,0.014705882352941176,0.6029411764705882,0.25
NEJM_CPC_04_2013,openai/gpt-5.4,baseline,61,2,35,22,0.03278688524590164,0.5737704918032787,0.39344262295081966
NEJM_CPC_04_2013,openai/gpt-5.4,adversarial,33,1,19,10,0.030303030303030304,0.5757575757575758,0.3333333333333333
NEJM_CPC_04_2013,openai/gpt-5.4,structured,56,1,25,19,0.017857142857142856,0.44642857142857145,0.35714285714285715
NEJM_CPC_04_2013,openai/gpt-5.2,baseline,58,3,33,22,0.05172413793103448,0.5689655172413793,0.43103448275862066
NEJM_CPC_04_2013,openai/gpt-5.2,adversarial,47,1,25,10,0.02127659574468085,0.5319148936170213,0.23404255319148937
NEJM_CPC_04_2013,openai/gpt-5.2,structured,41,2,22,11,0.04878048780487805,0.5365853658536586,0.3170731707317073
NEJM_CPC_04_2013,anthropic/claude-sonnet-4.5,baseline,59,0,38,20,0.0,0.6440677966101694,0.3389830508474576
NEJM_CPC_04_2013,anthropic/claude-sonnet-4.5,adversarial,44,0,25,9,0.0,0.5681818181818182,0.20454545454545456
NEJM_CPC_04_2013,anthropic/claude-sonnet-4.5,structured,67,2,34,18,0.029850746268656716,0.5074626865671642,0.29850746268656714
NEJM_CPC_04_2013,anthropic/claude-opus-4.5,baseline,30,0,26,1,0.0,0.8666666666666667,0.03333333333333333
NEJM_CPC_04_2013,anthropic/claude-opus-4.5,adversarial,40,0,24,7,0.0,0.6,0.175
NEJM_CPC_04_2013,anthropic/claude-opus-4.5,structured,63,1,33,17,0.015873015873015872,0.5238095238095238,0.2857142857142857
NEJM_CPC_04_2013,google/gemini-3-pro-preview,baseline,36,1,15,11,0.027777777777777776,0.4166666666666667,0.3333333333333333
NEJM_CPC_28_2002,openai/gpt-5.4,baseline,103,6,66,13,0.05825242718446602,0.6407766990291263,0.18446601941747573
NEJM_CPC_28_2002,openai/gpt-5.4,adversarial,61,1,36,12,0.01639344262295082,0.5901639344262295,0.21311475409836064
NEJM_CPC_28_2002,openai/gpt-5.4,structured,93,2,44,16,0.021505376344086023,0.4731182795698925,0.1935483870967742
NEJM_CPC_28_2002,openai/gpt-5.2,baseline,48,1,31,14,0.020833333333333332,0.6458333333333334,0.3125
NEJM_CPC_28_2002,openai/gpt-5.2,adversarial,45,1,26,5,0.022222222222222223,0.5777777777777777,0.13333333333333333
NEJM_CPC_28_2002,openai/gpt-5.2,structured,42,0,21,5,0.0,0.5,0.11904761904761904
NEJM_CPC_28_2002,anthropic/claude-sonnet-4.5,baseline,55,5,29,2,0.09090909090909091,0.5272727272727272,0.12727272727272726
NEJM_CPC_28_2002,anthropic/claude-sonnet-4.5,adversarial,99,3,60,20,0.030303030303030304,0.6060606060606061,0.23232323232323232
NEJM_CPC_28_2002,anthropic/claude-sonnet-4.5,structured,52,1,26,12,0.019230769230769232,0.5,0.25
NEJM_CPC_28_2002,anthropic/claude-opus-4.5,baseline,34,1,24,6,0.029411764705882353,0.7058823529411765,0.20588235294117646
NEJM_CPC_28_2002,anthropic/claude-opus-4.5,adversarial,46,3,22,13,0.06521739130434782,0.4782608695652174,0.34782608695652173
NEJM_CPC_28_2002,anthropic/claude-opus-4.5,structured,56,2,29,8,0.03571428571428571,0.5178571428571429,0.17857142857142858
NEJM_CPC_28_2002,google/gemini-3-pro-preview,baseline,42,1,26,12,0.023809523809523808,0.6190476190476191,0.30952380952380953
NEJM_CPC_28_2002,google/gemini-3-pro-preview,structured,63,4,40,15,0.06349206349206349,0.6349206349206349,0.30158730158730157
NEJM_CPC_41_2009,openai/gpt-5.4,baseline,60,0,39,21,0.0,0.65,0.35
NEJM_CPC_41_2009,openai/gpt-5.4,adversarial,58,0,46,4,0.0,0.7931034482758621,0.06896551724137931
NEJM_CPC_41_2009,openai/gpt-5.4,structured,69,0,49,10,0.0,0.7101449275362319,0.14492753623188406
NEJM_CPC_41_2009,openai/gpt-5.2,baseline,61,0,35,21,0.0,0.5737704918032787,0.3442622950819672
NEJM_CPC_41_2009,openai/gpt-5.2,adversarial,55,0,43,4,0.0,0.7818181818181819,0.07272727272727272
NEJM_CPC_41_2009,openai/gpt-5.2,structured,63,2,42,6,0.031746031746031744,0.6666666666666666,0.12698412698412698
NEJM_CPC_41_2009,anthropic/claude-sonnet-4.5,baseline,31,1,23,5,0.03225806451612903,0.7419354838709677,0.1935483870967742
NEJM_CPC_41_2009,anthropic/claude-sonnet-4.5,adversarial,56,1,40,1,0.017857142857142856,0.7142857142857143,0.03571428571428571
NEJM_CPC_41_2009,anthropic/claude-sonnet-4.5,structured,75,1,47,15,0.013333333333333334,0.6266666666666667,0.21333333333333335
NEJM_CPC_41_2009,anthropic/claude-opus-4.5,baseline,40,0,38,1,0.0,0.95,0.025
NEJM_CPC_41_2009,anthropic/claude-opus-4.5,adversarial,53,0,34,5,0.0,0.6415094339622641,0.09433962264150944
NEJM_CPC_41_2009,anthropic/claude-opus-4.5,structured,48,1,23,12,0.020833333333333332,0.4791666666666667,0.2708333333333333
NEJM_CPC_01_2026,openai/gpt-5.2,structured,55,1,39,7,0.01818181818181818,0.7090909090909091,0.14545454545454545
NEJM_CPC_05_2019,openai/gpt-5.2,adversarial,39,2,21,8,0.05128205128205128,0.5384615384615384,0.2564102564102564
NEJM_CPC_15_2022,openai/gpt-5.2,baseline,50,2,31,16,0.04,0.62,0.36
NEJM_CPC_17_2025,openai/gpt-5.2,structured,54,0,31,9,0.0,0.5740740740740741,0.16666666666666666
NEJM_CPC_20_2013,anthropic/claude-opus-4.5,adversarial,58,1,40,9,0.017241379310344827,0.6896551724137931,0.1724137931034483
NEJM_CPC_23_2013,anthropic/claude-sonnet-4.5,adversarial,69,3,41,12,0.043478260869565216,0.5942028985507246,0.21739130434782608
NEJM_CPC_23_2013,openai/gpt-5.2,baseline,55,2,34,10,0.03636363636363636,0.6181818181818182,0.21818181818181817
NEJM_CPC_26_2005,openai/gpt-5.4,adversarial,61,1,32,18,0.01639344262295082,0.5245901639344263,0.3114754098360656
NEJM_CPC_26_2005,openai/gpt-5.2,adversarial,50,0,35,8,0.0,0.7,0.16
NEJM_CPC_28_2010,openai/gpt-5.2,adversarial,31,1,19,5,0.03225806451612903,0.6129032258064516,0.1935483870967742
NEJM_CPC_28_2010,openai/gpt-5.2,structured,51,2,28,11,0.0392156862745098,0.5490196078431373,0.2549019607843137
NEJM_CPC_28_2010,openai/gpt-5.4,baseline,76,4,38,20,0.05263157894736842,0.5,0.3157894736842105
NEJM_CPC_28_2010,anthropic/claude-opus-4.5,structured,32,2,17,4,0.0625,0.53125,0.1875
NEJM_CPC_28_2010,anthropic/claude-sonnet-4.5,baseline,50,1,29,16,0.02,0.58,0.34
NEJM_CPC_28_2010,anthropic/claude-sonnet-4.5,adversarial,56,3,27,13,0.05357142857142857,0.48214285714285715,0.2857142857142857
NEJM_CPC_36_2024,anthropic/claude-sonnet-4.5,baseline,61,1,33,22,0.01639344262295082,0.5409836065573771,0.3770491803278688
NEJM_CPC_39_2010,anthropic/claude-opus-4.5,adversarial,52,0,27,12,0.0,0.5192307692307693,0.23076923076923078
NEJM_CPC_39_2010,openai/gpt-5.4,baseline,82,0,36,34,0.0,0.43902439024390244,0.4146341463414634
NEJM_CPC_39_2010,openai/gpt-5.4,adversarial,58,2,31,13,0.034482758620689655,0.5344827586206896,0.25862068965517243
NEJM_CPC_39_2010,anthropic/claude-sonnet-4.5,baseline,52,4,22,21,0.07692307692307693,0.4230769230769231,0.4807692307692308
NEJM_CPC_39_2010,anthropic/claude-sonnet-4.5,structured,80,3,47,15,0.0375,0.5875,0.225
NEJM_CPC_02_2009,google/gemini-3-pro-preview,baseline,52,1,32,11,0.019230769230769232,0.6153846153846154,0.23076923076923078
NEJM_CPC_02_2009,google/gemini-3-pro-preview,structured,99,1,61,19,0.010101010101010102,0.6161616161616161,0.20202020202020202
NEJM_CPC_04_2012,google/gemini-3-pro-preview,baseline,35,2,20,11,0.05714285714285714,0.5714285714285714,0.37142857142857144
NEJM_CPC_04_2012,google/gemini-3-pro-preview,structured,74,3,48,19,0.04054054054054054,0.6486486486486487,0.2972972972972973
NEJM_CPC_04_2012,google/gemini-3-pro-preview,adversarial,60,4,30,16,0.06666666666666667,0.5,0.3333333333333333
NEJM_CPC_04_2013,google/gemini-3-pro-preview,structured,67,2,47,11,0.029850746268656716,0.7014925373134329,0.19402985074626866
NEJM_CPC_04_2013,google/gemini-3-pro-preview,adversarial,68,1,43,16,0.014705882352941176,0.6323529411764706,0.25
NEJM_CPC_12_2004,google/gemini-3-pro-preview,baseline,56,1,40,7,0.017857142857142856,0.7142857142857143,0.14285714285714285
NEJM_CPC_12_2004,google/gemini-3-pro-preview,adversarial,59,1,31,14,0.01694915254237288,0.5254237288135594,0.2542372881355932
NEJM_CPC_12_2004,google/gemini-3-pro-preview,structured,69,1,57,9,0.014492753623188406,0.8260869565217391,0.14492753623188406
NEJM_CPC_15_2019,google/gemini-3-pro-preview,structured,57,1,31,8,0.017543859649122806,0.543859649122807,0.15789473684210525
NEJM_CPC_17_2004,google/gemini-3-pro-preview,structured,80,1,42,19,0.0125,0.525,0.25
NEJM_CPC_17_2004,google/gemini-3-pro-preview,baseline,33,1,16,13,0.030303030303030304,0.48484848484848486,0.42424242424242425
NEJM_CPC_17_2004,google/gemini-3-pro-preview,adversarial,57,2,32,18,0.03508771929824561,0.5614035087719298,0.3508771929824561
NEJM_CPC_17_2019,google/gemini-3-pro-preview,adversarial,99,1,60,27,0.010101010101010102,0.6060606060606061,0.2828282828282828
NEJM_CPC_20_2013,google/gemini-3-pro-preview,baseline,26,0,16,6,0.0,0.6153846153846154,0.23076923076923078
NEJM_CPC_26_2005,google/gemini-3-pro-preview,baseline,28,2,13,11,0.07142857142857142,0.4642857142857143,0.4642857142857143
NEJM_CPC_26_2005,google/gemini-3-pro-preview,structured,76,1,46,14,0.013157894736842105,0.6052631578947368,0.19736842105263158
NEJM_CPC_28_2002,google/gemini-3-pro-preview,adversarial,54,2,22,13,0.037037037037037035,0.4074074074074074,0.2777777777777778
NEJM_CPC_28_2010,google/gemini-3-pro-preview,baseline,30,1,12,11,0.03333333333333333,0.4,0.4
NEJM_CPC_29_2003,google/gemini-3-pro-preview,structured,81,0,49,19,0.0,0.6049382716049383,0.2345679012345679
NEJM_CPC_29_2003,google/gemini-3-pro-preview,adversarial,73,1,47,18,0.0136986301369863,0.6438356164383562,0.2602739726027397
NEJM_CPC_38_2003,google/gemini-3-pro-preview,adversarial,66,1,48,12,0.015151515151515152,0.7272727272727273,0.19696969696969696
NEJM_CPC_38_2003,google/gemini-3-pro-preview,structured,74,3,46,11,0.04054054054054054,0.6216216216216216,0.1891891891891892
NEJM_CPC_39_2010,google/gemini-3-pro-preview,adversarial,44,1,20,12,0.022727272727272728,0.45454545454545453,0.29545454545454547
NEJM_CPC_39_2010,google/gemini-3-pro-preview,structured,69,1,31,21,0.014492753623188406,0.4492753623188406,0.3188405797101449
NEJM_CPC_41_2009,google/gemini-3-pro-preview,baseline,26,1,25,0,0.038461538461538464,0.9615384615384616,0.038461538461538464
NEJM_CPC_41_2009,google/gemini-3-pro-preview,adversarial,46,1,31,7,0.021739130434782608,0.6739130434782609,0.17391304347826086
NEJM_CPC_41_2009,google/gemini-3-pro-preview,structured,77,1,56,16,0.012987012987012988,0.7272727272727273,0.22077922077922077
NEJM_CPC_05_2019,google/gemini-3-pro-preview,adversarial,59,1,35,17,0.01694915254237288,0.5932203389830508,0.3050847457627119
